x,y,country_trans,bgs_sub_commodity_trans,sdmx_code,country_iso2_code,erml_group,sdmx_translation,country_iso3_code,erml_commodity,units,pole_of_inaccessibility_longitude,erml_sub_commodity,concat_table_notes_code,year,pole_of_inaccessibility_latitude,cgi_commodity_url,yearbook_table_id,quantity,concat_table_notes_text,yearbook_table_trans,bgs_commodity_code,quantity_in_book_style,concat_figure_notes_code,bgs_statistic_type_trans,bgs_commodity_trans,data_precision_description,concat_figure_notes_text
109.537431,32.216659,China,,O,CN,Gallium,Missing value,CHN,Gallium,tonnes (metric),109.537431,,,2006-01-01 00:00:00,32.216659,http://resource.geosciml.org/classifier/cgi/commodity-code/gallium,737,,,Production of primary gallium,20242,...,,Production,"gallium, primary",Figures not available,
69.217179,48.473662,Kazakhstan,,A,KZ,Gallium,Normal value,KAZ,Gallium,tonnes (metric),69.217179,,,2007-01-01 00:00:00,48.473662,http://resource.geosciml.org/classifier/cgi/commodity-code/gallium,737,19,,Production of primary gallium,20242,19,,Production,"gallium, primary",,
69.217179,48.473662,Kazakhstan,,A,KZ,Gallium,Normal value,KAZ,Gallium,tonnes (metric),69.217179,,,2008-01-01 00:00:00,48.473662,http://resource.geosciml.org/classifier/cgi/commodity-code/gallium,737,19,,Production of primary gallium,20242,19,,Production,"gallium, primary",,
94.13658799999999,63.462201,Russia,,A,RU,Gallium,Normal value,RUS,Gallium,tonnes (metric),94.136588,,,2008-01-01 00:00:00,63.462201,http://resource.geosciml.org/classifier/cgi/commodity-code/gallium,737,13,,Production of primary gallium,20242,13,*,Production,"gallium, primary",,Estimates.
79.282538,22.642556,India,,O,IN,Gallium,Missing value,IND,Gallium,tonnes (metric),79.282538,,,2008-01-01 00:00:00,22.642556,http://resource.geosciml.org/classifier/cgi/commodity-code/gallium,737,,,Production of primary gallium,20242,...,,Production,"gallium, primary",Figures not available,
142.796275,43.46076,Japan,,A,JP,Gallium,Normal value,JPN,Gallium,tonnes (metric),142.796275,,,2008-01-01 00:00:00,43.460760,http://resource.geosciml.org/classifier/cgi/commodity-code/gallium,737,7,,Production of primary gallium,20242,7,,Production,"gallium, primary",,
142.796275,43.46076,Japan,,A,JP,Gallium,Normal value,JPN,Gallium,tonnes (metric),142.796275,,,2009-01-01 00:00:00,43.460760,http://resource.geosciml.org/classifier/cgi/commodity-code/gallium,737,7,,Production of primary gallium,20242,7,,Production,"gallium, primary",,
69.217179,48.473662,Kazakhstan,,A,KZ,Gallium,Normal value,KAZ,Gallium,tonnes (metric),69.217179,,,2009-01-01 00:00:00,48.473662,http://resource.geosciml.org/classifier/cgi/commodity-code/gallium,737,19,,Production of primary gallium,20242,19,,Production,"gallium, primary",,
94.13658799999999,63.462201,Russia,,A,RU,Gallium,Normal value,RUS,Gallium,tonnes (metric),94.136588,,,2009-01-01 00:00:00,63.462201,http://resource.geosciml.org/classifier/cgi/commodity-code/gallium,737,13,,Production of primary gallium,20242,13,*,Production,"gallium, primary",,Estimates.
94.13658799999999,63.462201,Russia,,A,RU,Gallium,Normal value,RUS,Gallium,tonnes (metric),94.136588,,,2010-01-01 00:00:00,63.462201,http://resource.geosciml.org/classifier/cgi/commodity-code/gallium,737,13,,Production of primary gallium,20242,13,,Production,"gallium, primary",,
142.796275,43.46076,Japan,,A,JP,Gallium,Normal value,JPN,Gallium,tonnes (metric),142.796275,,,2010-01-01 00:00:00,43.460760,http://resource.geosciml.org/classifier/cgi/commodity-code/gallium,737,5,,Production of primary gallium,20242,5,,Production,"gallium, primary",,
69.217179,48.473662,Kazakhstan,,A,KZ,Gallium,Normal value,KAZ,Gallium,tonnes (metric),69.217179,,,2010-01-01 00:00:00,48.473662,http://resource.geosciml.org/classifier/cgi/commodity-code/gallium,737,19,,Production of primary gallium,20242,19,,Production,"gallium, primary",,
109.537431,32.216659,China,,A,CN,Gallium,Normal value,CHN,Gallium,tonnes (metric),109.537431,,,2011-01-01 00:00:00,32.216659,http://resource.geosciml.org/classifier/cgi/commodity-code/gallium,737,200,,Production of primary gallium,20242,200,*,Production,"gallium, primary",,Estimates.
69.217179,48.473662,Kazakhstan,,A,KZ,Gallium,Normal value,KAZ,Gallium,tonnes (metric),69.217179,,,2011-01-01 00:00:00,48.473662,http://resource.geosciml.org/classifier/cgi/commodity-code/gallium,737,19,,Production of primary gallium,20242,19,,Production,"gallium, primary",,
94.13658799999999,63.462201,Russia,,A,RU,Gallium,Normal value,RUS,Gallium,tonnes (metric),94.136588,,,2011-01-01 00:00:00,63.462201,http://resource.geosciml.org/classifier/cgi/commodity-code/gallium,737,13,,Production of primary gallium,20242,13,*,Production,"gallium, primary",,Estimates.
9.669879,51.08851,Germany,,O,DE,Gallium,Missing value,DEU,Gallium,tonnes (metric),9.669879,,,2011-01-01 00:00:00,51.088510,http://resource.geosciml.org/classifier/cgi/commodity-code/gallium,737,,,Production of primary gallium,20242,...,,Production,"gallium, primary",Figures not available,
142.796275,43.46076,Japan,,A,JP,Gallium,Normal value,JPN,Gallium,tonnes (metric),142.796275,,,2011-01-01 00:00:00,43.460760,http://resource.geosciml.org/classifier/cgi/commodity-code/gallium,737,5,,Production of primary gallium,20242,5,,Production,"gallium, primary",,
142.796275,43.46076,Japan,,A,JP,Gallium,Normal value,JPN,Gallium,tonnes (metric),142.796275,,,2012-01-01 00:00:00,43.460760,http://resource.geosciml.org/classifier/cgi/commodity-code/gallium,737,8,,Production of primary gallium,20242,8,,Production,"gallium, primary",,
69.217179,48.473662,Kazakhstan,,A,KZ,Gallium,Normal value,KAZ,Gallium,tonnes (metric),69.217179,,,2012-01-01 00:00:00,48.473662,http://resource.geosciml.org/classifier/cgi/commodity-code/gallium,737,16,,Production of primary gallium,20242,16,,Production,"gallium, primary",,
109.537431,32.216659,China,,A,CN,Gallium,Normal value,CHN,Gallium,tonnes (metric),109.537431,,,2012-01-01 00:00:00,32.216659,http://resource.geosciml.org/classifier/cgi/commodity-code/gallium,737,270,,Production of primary gallium,20242,270,*,Production,"gallium, primary",,Estimates.
94.13658799999999,63.462201,Russia,,A,RU,Gallium,Normal value,RUS,Gallium,tonnes (metric),94.136588,,,2012-01-01 00:00:00,63.462201,http://resource.geosciml.org/classifier/cgi/commodity-code/gallium,737,13,,Production of primary gallium,20242,13,*,Production,"gallium, primary",,Estimates.
128.0,36.0,Korea (Rep. of),,A,KR,Gallium,Normal value,KOR,Gallium,tonnes (metric),128.000000,,,2012-01-01 00:00:00,36.000000,http://resource.geosciml.org/classifier/cgi/commodity-code/gallium,737,7,,Production of primary gallium,20242,7,*|a,Production,"gallium, primary",,Estimates.|Primary production only.
128.0,36.0,Korea (Rep. of),,A,KR,Gallium,Normal value,KOR,Gallium,tonnes (metric),128.000000,,,2013-01-01 00:00:00,36.000000,http://resource.geosciml.org/classifier/cgi/commodity-code/gallium,737,2,,Production of primary gallium,20242,2,*|a,Production,"gallium, primary",,Estimates.|Primary production only.
94.13658799999999,63.462201,Russia,,A,RU,Gallium,Normal value,RUS,Gallium,tonnes (metric),94.136588,,,2013-01-01 00:00:00,63.462201,http://resource.geosciml.org/classifier/cgi/commodity-code/gallium,737,13,,Production of primary gallium,20242,13,*,Production,"gallium, primary",,Estimates.
31.971487999999997,49.685680999999995,Ukraine,,A,UA,Gallium,Normal value,UKR,Gallium,tonnes (metric),31.971488,,,2013-01-01 00:00:00,49.685681,http://resource.geosciml.org/classifier/cgi/commodity-code/gallium,737,13,,Production of primary gallium,20242,13,*,Production,"gallium, primary",,Estimates.
9.669879,51.08851,Germany,,A,DE,Gallium,Normal value,DEU,Gallium,tonnes (metric),9.669879,,,2013-01-01 00:00:00,51.088510,http://resource.geosciml.org/classifier/cgi/commodity-code/gallium,737,38,,Production of primary gallium,20242,38,,Production,"gallium, primary",,
142.796275,43.46076,Japan,,A,JP,Gallium,Normal value,JPN,Gallium,tonnes (metric),142.796275,,,2013-01-01 00:00:00,43.460760,http://resource.geosciml.org/classifier/cgi/commodity-code/gallium,737,8,,Production of primary gallium,20242,8,,Production,"gallium, primary",,
109.537431,32.216659,China,,A,CN,Gallium,Normal value,CHN,Gallium,tonnes (metric),109.537431,,,2013-01-01 00:00:00,32.216659,http://resource.geosciml.org/classifier/cgi/commodity-code/gallium,737,300,,Production of primary gallium,20242,300,*,Production,"gallium, primary",,Estimates.
109.537431,32.216659,China,,A,CN,Gallium,Normal value,CHN,Gallium,tonnes (metric),109.537431,,1|2|3|4,2014-01-01 00:00:00,32.216659,http://resource.geosciml.org/classifier/cgi/commodity-code/gallium,737,300,"Accurate data for gallium is difficult to obtain because it is produced only as a by-product of bauxite or zinc processing using proprietary techniques. As a consequence, this table may not be complete.|In addition to the above primary production, there is also believed to be significant production of refined gallium from scrap recycling.|In addition to the countries listed, the Republic of Korea and Ukraine may produce primary gallium.|Lower grade production is often subsequently refined to higher grade material which complicates the collection of data as double counting is a significant risk.",Production of primary gallium,20242,300,*,Production,"gallium, primary",,Estimates.
128.0,36.0,Korea (Rep. of),,A,KR,Gallium,Normal value,KOR,Gallium,tonnes (metric),128.000000,,1|2|3|4,2014-01-01 00:00:00,36.000000,http://resource.geosciml.org/classifier/cgi/commodity-code/gallium,737,1,"Accurate data for gallium is difficult to obtain because it is produced only as a by-product of bauxite or zinc processing using proprietary techniques. As a consequence, this table may not be complete.|In addition to the above primary production, there is also believed to be significant production of refined gallium from scrap recycling.|In addition to the countries listed, the Republic of Korea and Ukraine may produce primary gallium.|Lower grade production is often subsequently refined to higher grade material which complicates the collection of data as double counting is a significant risk.",Production of primary gallium,20242,1,*|a,Production,"gallium, primary",,Estimates.|Primary production only.
94.13658799999999,63.462201,Russia,,A,RU,Gallium,Normal value,RUS,Gallium,tonnes (metric),94.136588,,1|2|3|4,2014-01-01 00:00:00,63.462201,http://resource.geosciml.org/classifier/cgi/commodity-code/gallium,737,13,"Accurate data for gallium is difficult to obtain because it is produced only as a by-product of bauxite or zinc processing using proprietary techniques. As a consequence, this table may not be complete.|In addition to the above primary production, there is also believed to be significant production of refined gallium from scrap recycling.|In addition to the countries listed, the Republic of Korea and Ukraine may produce primary gallium.|Lower grade production is often subsequently refined to higher grade material which complicates the collection of data as double counting is a significant risk.",Production of primary gallium,20242,13,*,Production,"gallium, primary",,Estimates.
142.796275,43.46076,Japan,,A,JP,Gallium,Normal value,JPN,Gallium,tonnes (metric),142.796275,,1|2|3|4,2014-01-01 00:00:00,43.460760,http://resource.geosciml.org/classifier/cgi/commodity-code/gallium,737,8,"Accurate data for gallium is difficult to obtain because it is produced only as a by-product of bauxite or zinc processing using proprietary techniques. As a consequence, this table may not be complete.|In addition to the above primary production, there is also believed to be significant production of refined gallium from scrap recycling.|In addition to the countries listed, the Republic of Korea and Ukraine may produce primary gallium.|Lower grade production is often subsequently refined to higher grade material which complicates the collection of data as double counting is a significant risk.",Production of primary gallium,20242,8,,Production,"gallium, primary",,
9.669879,51.08851,Germany,,A,DE,Gallium,Normal value,DEU,Gallium,tonnes (metric),9.669879,,1|2|3|4,2014-01-01 00:00:00,51.088510,http://resource.geosciml.org/classifier/cgi/commodity-code/gallium,737,16,"Accurate data for gallium is difficult to obtain because it is produced only as a by-product of bauxite or zinc processing using proprietary techniques. As a consequence, this table may not be complete.|In addition to the above primary production, there is also believed to be significant production of refined gallium from scrap recycling.|In addition to the countries listed, the Republic of Korea and Ukraine may produce primary gallium.|Lower grade production is often subsequently refined to higher grade material which complicates the collection of data as double counting is a significant risk.",Production of primary gallium,20242,16,,Production,"gallium, primary",,
31.971487999999997,49.685680999999995,Ukraine,,A,UA,Gallium,Normal value,UKR,Gallium,tonnes (metric),31.971488,,1|2|3|4,2014-01-01 00:00:00,49.685681,http://resource.geosciml.org/classifier/cgi/commodity-code/gallium,737,13,"Accurate data for gallium is difficult to obtain because it is produced only as a by-product of bauxite or zinc processing using proprietary techniques. As a consequence, this table may not be complete.|In addition to the above primary production, there is also believed to be significant production of refined gallium from scrap recycling.|In addition to the countries listed, the Republic of Korea and Ukraine may produce primary gallium.|Lower grade production is often subsequently refined to higher grade material which complicates the collection of data as double counting is a significant risk.",Production of primary gallium,20242,13,*,Production,"gallium, primary",,Estimates.
142.796275,43.46076,Japan,,A,JP,Gallium,Normal value,JPN,Gallium,tonnes (metric),142.796275,,1|2|3,2015-01-01 00:00:00,43.460760,http://resource.geosciml.org/classifier/cgi/commodity-code/gallium,737,6,"Accurate data for gallium is difficult to obtain because it is produced only as a by-product of bauxite or zinc processing using proprietary techniques. As a consequence, this table may not be complete.|In addition to the above primary production, there is also believed to be significant production of refined gallium from scrap recycling.|Lower grade production is often subsequently refined to higher grade material which complicates the collection of data as double counting is a significant risk.",Production of primary gallium,20242,6,,Production,"gallium, primary",,
31.971487999999997,49.685680999999995,Ukraine,,A,UA,Gallium,Normal value,UKR,Gallium,tonnes (metric),31.971488,,1|2|3,2015-01-01 00:00:00,49.685681,http://resource.geosciml.org/classifier/cgi/commodity-code/gallium,737,9,"Accurate data for gallium is difficult to obtain because it is produced only as a by-product of bauxite or zinc processing using proprietary techniques. As a consequence, this table may not be complete.|In addition to the above primary production, there is also believed to be significant production of refined gallium from scrap recycling.|Lower grade production is often subsequently refined to higher grade material which complicates the collection of data as double counting is a significant risk.",Production of primary gallium,20242,9,*,Production,"gallium, primary",,Estimates.
9.669879,51.08851,Germany,,A,DE,Gallium,Normal value,DEU,Gallium,tonnes (metric),9.669879,,1|2|3,2015-01-01 00:00:00,51.088510,http://resource.geosciml.org/classifier/cgi/commodity-code/gallium,737,11,"Accurate data for gallium is difficult to obtain because it is produced only as a by-product of bauxite or zinc processing using proprietary techniques. As a consequence, this table may not be complete.|In addition to the above primary production, there is also believed to be significant production of refined gallium from scrap recycling.|Lower grade production is often subsequently refined to higher grade material which complicates the collection of data as double counting is a significant risk.",Production of primary gallium,20242,11,,Production,"gallium, primary",,
109.537431,32.216659,China,,A,CN,Gallium,Normal value,CHN,Gallium,tonnes (metric),109.537431,,1|2|3,2015-01-01 00:00:00,32.216659,http://resource.geosciml.org/classifier/cgi/commodity-code/gallium,737,284,"Accurate data for gallium is difficult to obtain because it is produced only as a by-product of bauxite or zinc processing using proprietary techniques. As a consequence, this table may not be complete.|In addition to the above primary production, there is also believed to be significant production of refined gallium from scrap recycling.|Lower grade production is often subsequently refined to higher grade material which complicates the collection of data as double counting is a significant risk.",Production of primary gallium,20242,284,,Production,"gallium, primary",,
94.13658799999999,63.462201,Russia,,A,RU,Gallium,Normal value,RUS,Gallium,tonnes (metric),94.136588,,1|2|3,2015-01-01 00:00:00,63.462201,http://resource.geosciml.org/classifier/cgi/commodity-code/gallium,737,13,"Accurate data for gallium is difficult to obtain because it is produced only as a by-product of bauxite or zinc processing using proprietary techniques. As a consequence, this table may not be complete.|In addition to the above primary production, there is also believed to be significant production of refined gallium from scrap recycling.|Lower grade production is often subsequently refined to higher grade material which complicates the collection of data as double counting is a significant risk.",Production of primary gallium,20242,13,*,Production,"gallium, primary",,Estimates.
128.0,36.0,Korea (Rep. of),,A,KR,Gallium,Normal value,KOR,Gallium,tonnes (metric),128.000000,,1|2|3,2015-01-01 00:00:00,36.000000,http://resource.geosciml.org/classifier/cgi/commodity-code/gallium,737,3,"Accurate data for gallium is difficult to obtain because it is produced only as a by-product of bauxite or zinc processing using proprietary techniques. As a consequence, this table may not be complete.|In addition to the above primary production, there is also believed to be significant production of refined gallium from scrap recycling.|Lower grade production is often subsequently refined to higher grade material which complicates the collection of data as double counting is a significant risk.",Production of primary gallium,20242,3,*|a,Production,"gallium, primary",,Estimates.|Primary production only.
128.0,36.0,Korea (Rep. of),,A,KR,Gallium,Normal value,KOR,Gallium,tonnes (metric),128.000000,,1|2|3,2016-01-01 00:00:00,36.000000,http://resource.geosciml.org/classifier/cgi/commodity-code/gallium,737,3,"Accurate data for gallium is difficult to obtain because it is produced only as a by-product of bauxite or zinc processing using proprietary techniques. As a consequence, this table may not be complete.|In addition to the above primary production, there is also believed to be significant production of refined gallium from scrap recycling.|Lower grade production is often subsequently refined to higher grade material which complicates the collection of data as double counting is a significant risk.",Production of primary gallium,20242,3,*|a,Production,"gallium, primary",,Estimates.|Primary production only.
94.13658799999999,63.462201,Russia,,A,RU,Gallium,Normal value,RUS,Gallium,tonnes (metric),94.136588,,1|2|3,2016-01-01 00:00:00,63.462201,http://resource.geosciml.org/classifier/cgi/commodity-code/gallium,737,13,"Accurate data for gallium is difficult to obtain because it is produced only as a by-product of bauxite or zinc processing using proprietary techniques. As a consequence, this table may not be complete.|In addition to the above primary production, there is also believed to be significant production of refined gallium from scrap recycling.|Lower grade production is often subsequently refined to higher grade material which complicates the collection of data as double counting is a significant risk.",Production of primary gallium,20242,13,*,Production,"gallium, primary",,Estimates.
9.669879,51.08851,Germany,,A,DE,Gallium,Normal value,DEU,Gallium,tonnes (metric),9.669879,,1|2|3,2016-01-01 00:00:00,51.088510,http://resource.geosciml.org/classifier/cgi/commodity-code/gallium,737,23,"Accurate data for gallium is difficult to obtain because it is produced only as a by-product of bauxite or zinc processing using proprietary techniques. As a consequence, this table may not be complete.|In addition to the above primary production, there is also believed to be significant production of refined gallium from scrap recycling.|Lower grade production is often subsequently refined to higher grade material which complicates the collection of data as double counting is a significant risk.",Production of primary gallium,20242,23,,Production,"gallium, primary",,
31.971487999999997,49.685680999999995,Ukraine,,A,UA,Gallium,Normal value,UKR,Gallium,tonnes (metric),31.971488,,1|2|3,2016-01-01 00:00:00,49.685681,http://resource.geosciml.org/classifier/cgi/commodity-code/gallium,737,9,"Accurate data for gallium is difficult to obtain because it is produced only as a by-product of bauxite or zinc processing using proprietary techniques. As a consequence, this table may not be complete.|In addition to the above primary production, there is also believed to be significant production of refined gallium from scrap recycling.|Lower grade production is often subsequently refined to higher grade material which complicates the collection of data as double counting is a significant risk.",Production of primary gallium,20242,9,*,Production,"gallium, primary",,Estimates.
142.796275,43.46076,Japan,,A,JP,Gallium,Normal value,JPN,Gallium,tonnes (metric),142.796275,,1|2|3,2016-01-01 00:00:00,43.460760,http://resource.geosciml.org/classifier/cgi/commodity-code/gallium,737,3,"Accurate data for gallium is difficult to obtain because it is produced only as a by-product of bauxite or zinc processing using proprietary techniques. As a consequence, this table may not be complete.|In addition to the above primary production, there is also believed to be significant production of refined gallium from scrap recycling.|Lower grade production is often subsequently refined to higher grade material which complicates the collection of data as double counting is a significant risk.",Production of primary gallium,20242,3,,Production,"gallium, primary",,
109.537431,32.216659,China,,A,CN,Gallium,Normal value,CHN,Gallium,tonnes (metric),109.537431,,1|2|3,2016-01-01 00:00:00,32.216659,http://resource.geosciml.org/classifier/cgi/commodity-code/gallium,737,171,"Accurate data for gallium is difficult to obtain because it is produced only as a by-product of bauxite or zinc processing using proprietary techniques. As a consequence, this table may not be complete.|In addition to the above primary production, there is also believed to be significant production of refined gallium from scrap recycling.|Lower grade production is often subsequently refined to higher grade material which complicates the collection of data as double counting is a significant risk.",Production of primary gallium,20242,171,,Production,"gallium, primary",,
109.537431,32.216659,China,,A,CN,Gallium,Normal value,CHN,Gallium,tonnes (metric),109.537431,,1|2|3,2017-01-01 00:00:00,32.216659,http://resource.geosciml.org/classifier/cgi/commodity-code/gallium,737,319,"Accurate data for gallium is difficult to obtain because it is produced only as a by-product of bauxite or zinc processing using proprietary techniques. As a consequence, this table may not be complete.|In addition to the above primary production, there is also believed to be significant production of refined gallium from scrap recycling.|Lower grade production is often subsequently refined to higher grade material which complicates the collection of data as double counting is a significant risk.",Production of primary gallium,20242,319,,Production,"gallium, primary",,
94.13658799999999,63.462201,Russia,,A,RU,Gallium,Normal value,RUS,Gallium,tonnes (metric),94.136588,,1|2|3,2017-01-01 00:00:00,63.462201,http://resource.geosciml.org/classifier/cgi/commodity-code/gallium,737,13,"Accurate data for gallium is difficult to obtain because it is produced only as a by-product of bauxite or zinc processing using proprietary techniques. As a consequence, this table may not be complete.|In addition to the above primary production, there is also believed to be significant production of refined gallium from scrap recycling.|Lower grade production is often subsequently refined to higher grade material which complicates the collection of data as double counting is a significant risk.",Production of primary gallium,20242,13,*,Production,"gallium, primary",,Estimates.
128.0,36.0,Korea (Rep. of),,A,KR,Gallium,Normal value,KOR,Gallium,tonnes (metric),128.000000,,1|2|3,2017-01-01 00:00:00,36.000000,http://resource.geosciml.org/classifier/cgi/commodity-code/gallium,737,3,"Accurate data for gallium is difficult to obtain because it is produced only as a by-product of bauxite or zinc processing using proprietary techniques. As a consequence, this table may not be complete.|In addition to the above primary production, there is also believed to be significant production of refined gallium from scrap recycling.|Lower grade production is often subsequently refined to higher grade material which complicates the collection of data as double counting is a significant risk.",Production of primary gallium,20242,3,*|a,Production,"gallium, primary",,Estimates.|Primary production only.
9.669879,51.08851,Germany,,A,DE,Gallium,Normal Value,DEU,Gallium,tonnes (metric),9.669879,,1|2|3,2017-01-01 00:00:00,51.088510,http://resource.geosciml.org/classifier/cgi/commodity-code/gallium,737,0,"Accurate data for gallium is difficult to obtain because it is produced only as a by-product of bauxite or zinc processing using proprietary techniques. As a consequence, this table may not be complete.|In addition to the above primary production, there is also believed to be significant production of refined gallium from scrap recycling.|Lower grade production is often subsequently refined to higher grade material which complicates the collection of data as double counting is a significant risk.",Production of primary gallium,20242,-----,,Production,"gallium, primary",Nil (nothing produced),
142.796275,43.46076,Japan,,A,JP,Gallium,Normal value,JPN,Gallium,tonnes (metric),142.796275,,1|2|3,2017-01-01 00:00:00,43.460760,http://resource.geosciml.org/classifier/cgi/commodity-code/gallium,737,3,"Accurate data for gallium is difficult to obtain because it is produced only as a by-product of bauxite or zinc processing using proprietary techniques. As a consequence, this table may not be complete.|In addition to the above primary production, there is also believed to be significant production of refined gallium from scrap recycling.|Lower grade production is often subsequently refined to higher grade material which complicates the collection of data as double counting is a significant risk.",Production of primary gallium,20242,3,,Production,"gallium, primary",,
31.971487999999997,49.685680999999995,Ukraine,,A,UA,Gallium,Normal value,UKR,Gallium,tonnes (metric),31.971488,,1|2|3,2017-01-01 00:00:00,49.685681,http://resource.geosciml.org/classifier/cgi/commodity-code/gallium,737,4,"Accurate data for gallium is difficult to obtain because it is produced only as a by-product of bauxite or zinc processing using proprietary techniques. As a consequence, this table may not be complete.|In addition to the above primary production, there is also believed to be significant production of refined gallium from scrap recycling.|Lower grade production is often subsequently refined to higher grade material which complicates the collection of data as double counting is a significant risk.",Production of primary gallium,20242,4,*,Production,"gallium, primary",,Estimates.
142.796275,43.46076,Japan,,A,JP,Gallium,Normal value,JPN,Gallium,tonnes (metric),142.796275,,1|2|3,2018-01-01 00:00:00,43.460760,http://resource.geosciml.org/classifier/cgi/commodity-code/gallium,737,3,"Accurate data for gallium is difficult to obtain because it is produced only as a by-product of bauxite or zinc processing using proprietary techniques. As a consequence, this table may not be complete.|In addition to the above primary production, there is also believed to be significant production of refined gallium from scrap recycling.|Lower grade production is often subsequently refined to higher grade material which complicates the collection of data as double counting is a significant risk.",Production of primary gallium,20242,3,,Production,"gallium, primary",,
31.971487999999997,49.685680999999995,Ukraine,,A,UA,Gallium,Normal value,UKR,Gallium,tonnes (metric),31.971488,,1|2|3,2018-01-01 00:00:00,49.685681,http://resource.geosciml.org/classifier/cgi/commodity-code/gallium,737,4,"Accurate data for gallium is difficult to obtain because it is produced only as a by-product of bauxite or zinc processing using proprietary techniques. As a consequence, this table may not be complete.|In addition to the above primary production, there is also believed to be significant production of refined gallium from scrap recycling.|Lower grade production is often subsequently refined to higher grade material which complicates the collection of data as double counting is a significant risk.",Production of primary gallium,20242,4,*,Production,"gallium, primary",,Estimates.
109.537431,32.216659,China,,A,CN,Gallium,Normal value,CHN,Gallium,tonnes (metric),109.537431,,1|2|3,2018-01-01 00:00:00,32.216659,http://resource.geosciml.org/classifier/cgi/commodity-code/gallium,737,404,"Accurate data for gallium is difficult to obtain because it is produced only as a by-product of bauxite or zinc processing using proprietary techniques. As a consequence, this table may not be complete.|In addition to the above primary production, there is also believed to be significant production of refined gallium from scrap recycling.|Lower grade production is often subsequently refined to higher grade material which complicates the collection of data as double counting is a significant risk.",Production of primary gallium,20242,404,,Production,"gallium, primary",,
128.0,36.0,Korea (Rep. of),,A,KR,Gallium,Normal value,KOR,Gallium,tonnes (metric),128.000000,,1|2|3,2018-01-01 00:00:00,36.000000,http://resource.geosciml.org/classifier/cgi/commodity-code/gallium,737,3,"Accurate data for gallium is difficult to obtain because it is produced only as a by-product of bauxite or zinc processing using proprietary techniques. As a consequence, this table may not be complete.|In addition to the above primary production, there is also believed to be significant production of refined gallium from scrap recycling.|Lower grade production is often subsequently refined to higher grade material which complicates the collection of data as double counting is a significant risk.",Production of primary gallium,20242,3,*,Production,"gallium, primary",,Estimates.
94.13658799999999,63.462201,Russia,,A,RU,Gallium,Normal value,RUS,Gallium,tonnes (metric),94.136588,,1|2|3,2018-01-01 00:00:00,63.462201,http://resource.geosciml.org/classifier/cgi/commodity-code/gallium,737,13,"Accurate data for gallium is difficult to obtain because it is produced only as a by-product of bauxite or zinc processing using proprietary techniques. As a consequence, this table may not be complete.|In addition to the above primary production, there is also believed to be significant production of refined gallium from scrap recycling.|Lower grade production is often subsequently refined to higher grade material which complicates the collection of data as double counting is a significant risk.",Production of primary gallium,20242,13,*,Production,"gallium, primary",,Estimates.
128.0,36.0,Korea (Rep. of),,A,KR,Gallium,Normal value,KOR,Gallium,tonnes (metric),128.000000,,1|2|3,2019-01-01 00:00:00,36.000000,http://resource.geosciml.org/classifier/cgi/commodity-code/gallium,737,3,"Accurate data for gallium is difficult to obtain because it is produced only as a by-product of bauxite or zinc processing using proprietary techniques. As a consequence, this table may not be complete.|In addition to the above primary production, there is also believed to be significant production of refined gallium from scrap recycling.|Lower grade production is often subsequently refined to higher grade material which complicates the collection of data as double counting is a significant risk.",Production of primary gallium,20242,3,*,Production,"gallium, primary",,Estimates.
94.13658799999999,63.462201,Russia,,A,RU,Gallium,Normal value,RUS,Gallium,tonnes (metric),94.136588,,1|2|3,2019-01-01 00:00:00,63.462201,http://resource.geosciml.org/classifier/cgi/commodity-code/gallium,737,13,"Accurate data for gallium is difficult to obtain because it is produced only as a by-product of bauxite or zinc processing using proprietary techniques. As a consequence, this table may not be complete.|In addition to the above primary production, there is also believed to be significant production of refined gallium from scrap recycling.|Lower grade production is often subsequently refined to higher grade material which complicates the collection of data as double counting is a significant risk.",Production of primary gallium,20242,13,*,Production,"gallium, primary",,Estimates.
142.796275,43.46076,Japan,,A,JP,Gallium,Normal value,JPN,Gallium,tonnes (metric),142.796275,,1|2|3,2019-01-01 00:00:00,43.460760,http://resource.geosciml.org/classifier/cgi/commodity-code/gallium,737,3,"Accurate data for gallium is difficult to obtain because it is produced only as a by-product of bauxite or zinc processing using proprietary techniques. As a consequence, this table may not be complete.|In addition to the above primary production, there is also believed to be significant production of refined gallium from scrap recycling.|Lower grade production is often subsequently refined to higher grade material which complicates the collection of data as double counting is a significant risk.",Production of primary gallium,20242,3,,Production,"gallium, primary",,
31.971487999999997,49.685680999999995,Ukraine,,A,UA,Gallium,Normal value,UKR,Gallium,tonnes (metric),31.971488,,1|2|3,2019-01-01 00:00:00,49.685681,http://resource.geosciml.org/classifier/cgi/commodity-code/gallium,737,8,"Accurate data for gallium is difficult to obtain because it is produced only as a by-product of bauxite or zinc processing using proprietary techniques. As a consequence, this table may not be complete.|In addition to the above primary production, there is also believed to be significant production of refined gallium from scrap recycling.|Lower grade production is often subsequently refined to higher grade material which complicates the collection of data as double counting is a significant risk.",Production of primary gallium,20242,8,*,Production,"gallium, primary",,Estimates.
109.537431,32.216659,China,,A,CN,Gallium,Normal value,CHN,Gallium,tonnes (metric),109.537431,,1|2|3,2019-01-01 00:00:00,32.216659,http://resource.geosciml.org/classifier/cgi/commodity-code/gallium,737,357,"Accurate data for gallium is difficult to obtain because it is produced only as a by-product of bauxite or zinc processing using proprietary techniques. As a consequence, this table may not be complete.|In addition to the above primary production, there is also believed to be significant production of refined gallium from scrap recycling.|Lower grade production is often subsequently refined to higher grade material which complicates the collection of data as double counting is a significant risk.",Production of primary gallium,20242,357,,Production,"gallium, primary",,
109.537431,32.216659,China,,A,CN,Gallium,Normal value,CHN,Gallium,tonnes (metric),109.537431,,1|2|3,2020-01-01 00:00:00,32.216659,http://resource.geosciml.org/classifier/cgi/commodity-code/gallium,737,336,"Accurate data for gallium is difficult to obtain because it is produced only as a by-product of bauxite or zinc processing using proprietary techniques. As a consequence, this table may not be complete.|In addition to the above primary production, there is also believed to be significant production of refined gallium from scrap recycling.|Lower grade production is often subsequently refined to higher grade material which complicates the collection of data as double counting is a significant risk.",Production of primary gallium,20242,336,,Production,"gallium, primary",,
128.0,36.0,Korea (Rep. of),,A,KR,Gallium,Normal value,KOR,Gallium,tonnes (metric),128.000000,,1|2|3,2020-01-01 00:00:00,36.000000,http://resource.geosciml.org/classifier/cgi/commodity-code/gallium,737,2,"Accurate data for gallium is difficult to obtain because it is produced only as a by-product of bauxite or zinc processing using proprietary techniques. As a consequence, this table may not be complete.|In addition to the above primary production, there is also believed to be significant production of refined gallium from scrap recycling.|Lower grade production is often subsequently refined to higher grade material which complicates the collection of data as double counting is a significant risk.",Production of primary gallium,20242,2,*,Production,"gallium, primary",,Estimates.
94.13658799999999,63.462201,Russia,,A,RU,Gallium,Normal value,RUS,Gallium,tonnes (metric),94.136588,,1|2|3,2020-01-01 00:00:00,63.462201,http://resource.geosciml.org/classifier/cgi/commodity-code/gallium,737,13,"Accurate data for gallium is difficult to obtain because it is produced only as a by-product of bauxite or zinc processing using proprietary techniques. As a consequence, this table may not be complete.|In addition to the above primary production, there is also believed to be significant production of refined gallium from scrap recycling.|Lower grade production is often subsequently refined to higher grade material which complicates the collection of data as double counting is a significant risk.",Production of primary gallium,20242,13,*,Production,"gallium, primary",,Estimates.
31.971487999999997,49.685680999999995,Ukraine,,A,UA,Gallium,Normal value,UKR,Gallium,tonnes (metric),31.971488,,1|2|3,2020-01-01 00:00:00,49.685681,http://resource.geosciml.org/classifier/cgi/commodity-code/gallium,737,4,"Accurate data for gallium is difficult to obtain because it is produced only as a by-product of bauxite or zinc processing using proprietary techniques. As a consequence, this table may not be complete.|In addition to the above primary production, there is also believed to be significant production of refined gallium from scrap recycling.|Lower grade production is often subsequently refined to higher grade material which complicates the collection of data as double counting is a significant risk.",Production of primary gallium,20242,4,*,Production,"gallium, primary",,Estimates.
142.796275,43.46076,Japan,,A,JP,Gallium,Normal value,JPN,Gallium,tonnes (metric),142.796275,,1|2|3,2020-01-01 00:00:00,43.460760,http://resource.geosciml.org/classifier/cgi/commodity-code/gallium,737,3,"Accurate data for gallium is difficult to obtain because it is produced only as a by-product of bauxite or zinc processing using proprietary techniques. As a consequence, this table may not be complete.|In addition to the above primary production, there is also believed to be significant production of refined gallium from scrap recycling.|Lower grade production is often subsequently refined to higher grade material which complicates the collection of data as double counting is a significant risk.",Production of primary gallium,20242,3,,Production,"gallium, primary",,
142.796275,43.46076,Japan,,A,JP,Gallium,Normal value,JPN,Gallium,tonnes (metric),142.796275,,,2021-01-01 00:00:00,43.460760,http://resource.geosciml.org/classifier/cgi/commodity-code/gallium,737,3,,Production of primary gallium,20242,3,,Production,"gallium, primary",,
31.971487999999997,49.685680999999995,Ukraine,,A,UA,Gallium,Normal value,UKR,Gallium,tonnes (metric),31.971488,,,2021-01-01 00:00:00,49.685681,http://resource.geosciml.org/classifier/cgi/commodity-code/gallium,737,4,,Production of primary gallium,20242,4,*,Production,"gallium, primary",,Estimates.
109.537431,32.216659,China,,A,CN,Gallium,Normal value,CHN,Gallium,tonnes (metric),109.537431,,,2021-01-01 00:00:00,32.216659,http://resource.geosciml.org/classifier/cgi/commodity-code/gallium,737,423,,Production of primary gallium,20242,423,,Production,"gallium, primary",,
128.0,36.0,Korea (Rep. of),,A,KR,Gallium,Normal value,KOR,Gallium,tonnes (metric),128.000000,,,2021-01-01 00:00:00,36.000000,http://resource.geosciml.org/classifier/cgi/commodity-code/gallium,737,2,,Production of primary gallium,20242,2,*,Production,"gallium, primary",,Estimates.
94.13658799999999,63.462201,Russia,,A,RU,Gallium,Normal value,RUS,Gallium,tonnes (metric),94.136588,,,2021-01-01 00:00:00,63.462201,http://resource.geosciml.org/classifier/cgi/commodity-code/gallium,737,13,,Production of primary gallium,20242,13,*,Production,"gallium, primary",,Estimates.
128.0,36.0,Korea (Rep. of),,A,KR,Gallium,Normal value,KOR,Gallium,tonnes (metric),128.000000,,,2022-01-01 00:00:00,36.000000,http://resource.geosciml.org/classifier/cgi/commodity-code/gallium,737,2,,Production of primary gallium,20242,2,*,Production,"gallium, primary",,Estimates.
94.13658799999999,63.462201,Russia,,A,RU,Gallium,Normal value,RUS,Gallium,tonnes (metric),94.136588,,,2022-01-01 00:00:00,63.462201,http://resource.geosciml.org/classifier/cgi/commodity-code/gallium,737,14,,Production of primary gallium,20242,14,*,Production,"gallium, primary",,Estimates.
142.796275,43.46076,Japan,,A,JP,Gallium,Normal value,JPN,Gallium,tonnes (metric),142.796275,,,2022-01-01 00:00:00,43.460760,http://resource.geosciml.org/classifier/cgi/commodity-code/gallium,737,3,,Production of primary gallium,20242,3,*,Production,"gallium, primary",,Estimates.
31.971487999999997,49.685680999999995,Ukraine,,A,UA,Gallium,Normal value,UKR,Gallium,tonnes (metric),31.971488,,,2022-01-01 00:00:00,49.685681,http://resource.geosciml.org/classifier/cgi/commodity-code/gallium,737,2,,Production of primary gallium,20242,2,*,Production,"gallium, primary",,Estimates.
109.537431,32.216659,China,,A,CN,Gallium,Normal value,CHN,Gallium,tonnes (metric),109.537431,,,2022-01-01 00:00:00,32.216659,http://resource.geosciml.org/classifier/cgi/commodity-code/gallium,737,600,,Production of primary gallium,20242,600,,Production,"gallium, primary",,
109.537431,32.216659,China,,A,CN,Gallium,Normal value,CHN,Gallium,tonnes (metric),109.537431,,,2023-01-01 00:00:00,32.216659,http://resource.geosciml.org/classifier/cgi/commodity-code/gallium,737,621,,Production of primary gallium,20242,621,*,Production,"gallium, primary",,Estimates.
142.796275,43.46076,Japan,,A,JP,Gallium,Normal value,JPN,Gallium,tonnes (metric),142.796275,,,2023-01-01 00:00:00,43.460760,http://resource.geosciml.org/classifier/cgi/commodity-code/gallium,737,3,,Production of primary gallium,20242,3,*,Production,"gallium, primary",,Estimates.
31.971487999999997,49.685680999999995,Ukraine,,A,UA,Gallium,Normal value,UKR,Gallium,tonnes (metric),31.971488,,,2023-01-01 00:00:00,49.685681,http://resource.geosciml.org/classifier/cgi/commodity-code/gallium,737,2,,Production of primary gallium,20242,2,*,Production,"gallium, primary",,Estimates.
128.0,36.0,Korea (Rep. of),,A,KR,Gallium,Normal value,KOR,Gallium,tonnes (metric),128.000000,,,2023-01-01 00:00:00,36.000000,http://resource.geosciml.org/classifier/cgi/commodity-code/gallium,737,2,,Production of primary gallium,20242,2,*,Production,"gallium, primary",,Estimates.
94.13658799999999,63.462201,Russia,,A,RU,Gallium,Normal value,RUS,Gallium,tonnes (metric),94.136588,,,2023-01-01 00:00:00,63.462201,http://resource.geosciml.org/classifier/cgi/commodity-code/gallium,737,15,,Production of primary gallium,20242,15,*,Production,"gallium, primary",,Estimates.
