x,y,country_trans,bgs_sub_commodity_trans,sdmx_code,yearbook_table_trans,country_iso2_code,erml_group,sdmx_translation,country_iso3_code,erml_commodity,units,pole_of_inaccessibility_longitude,erml_sub_commodity,concat_table_notes_code,yearbook_table_id,pole_of_inaccessibility_latitude,cgi_commodity_url,quantity,concat_table_notes_text,year,bgs_commodity_code,quantity_in_book_style,concat_figure_notes_code,bgs_statistic_type_trans,bgs_commodity_trans,data_precision_description,concat_figure_notes_text
16.971256999999998,-20.703654,Namibia,,A,Production of germanium metal,NA,Germanium,Normal value,NAM,Germanium metal,tonnes (metric),16.971257,,,162,-20.703654,http://resource.geosciml.org/classifier/cgi/commodity-code/germanium,5,,1971-01-01 00:00:00,882,5,*,Production,germanium metal,,Estimates.
-119.677633,59.205383999999995,Canada,,A,Production of germanium metal,CA,Germanium,Normal value,CAN,Germanium metal,tonnes (metric),-119.677633,,,162,59.205384,http://resource.geosciml.org/classifier/cgi/commodity-code/germanium,5,,1971-01-01 00:00:00,882,5,,Production,germanium metal,,
23.625456999999997,-2.883451,Zaire,,A,Production of germanium metal,ZR,Germanium,Normal value,ZAR,Germanium metal,tonnes (metric),23.625457,,,162,-2.883451,http://resource.geosciml.org/classifier/cgi/commodity-code/germanium,53,,1971-01-01 00:00:00,882,53,,Production,germanium metal,,
-97.834383,39.139831,USA,,A,Production of germanium metal,US,Germanium,Normal value,USA,Germanium metal,tonnes (metric),-97.834383,,,162,39.139831,http://resource.geosciml.org/classifier/cgi/commodity-code/germanium,12,,1971-01-01 00:00:00,882,12,*,Production,germanium metal,,Estimates.
142.796275,43.46076,Japan,,A,Production of germanium metal,JP,Germanium,Normal value,JPN,Germanium metal,tonnes (metric),142.796275,,,162,43.460760,http://resource.geosciml.org/classifier/cgi/commodity-code/germanium,19,,1971-01-01 00:00:00,882,19,,Production,germanium metal,,
-97.834383,39.139831,USA,,A,Production of germanium metal,US,Germanium,Normal value,USA,Germanium metal,tonnes (metric),-97.834383,,,162,39.139831,http://resource.geosciml.org/classifier/cgi/commodity-code/germanium,15,,1972-01-01 00:00:00,882,15,*,Production,germanium metal,,Estimates.
82.51,55.51,Soviet Union,,A,Production of germanium metal,SU,Germanium,Normal value,SUN,Germanium metal,tonnes (metric),82.510000,,,162,55.510000,http://resource.geosciml.org/classifier/cgi/commodity-code/germanium,7,,1972-01-01 00:00:00,882,7,*,Production,germanium metal,,Estimates.
142.796275,43.46076,Japan,,A,Production of germanium metal,JP,Germanium,Normal value,JPN,Germanium metal,tonnes (metric),142.796275,,,162,43.460760,http://resource.geosciml.org/classifier/cgi/commodity-code/germanium,22,,1972-01-01 00:00:00,882,22,,Production,germanium metal,,
23.625456999999997,-2.883451,Zaire,,A,Production of germanium metal,ZR,Germanium,Normal value,ZAR,Germanium metal,tonnes (metric),23.625457,,,162,-2.883451,http://resource.geosciml.org/classifier/cgi/commodity-code/germanium,23,,1972-01-01 00:00:00,882,23,,Production,germanium metal,,
16.971256999999998,-20.703654,Namibia,,A,Production of germanium metal,NA,Germanium,Normal value,NAM,Germanium metal,tonnes (metric),16.971257,,,162,-20.703654,http://resource.geosciml.org/classifier/cgi/commodity-code/germanium,5,,1972-01-01 00:00:00,882,5,*,Production,germanium metal,,Estimates.
16.971256999999998,-20.703654,Namibia,,A,Production of germanium metal,NA,Germanium,Normal value,NAM,Germanium metal,tonnes (metric),16.971257,,,162,-20.703654,http://resource.geosciml.org/classifier/cgi/commodity-code/germanium,9,,1973-01-01 00:00:00,882,9,*,Production,germanium metal,,Estimates.
23.625456999999997,-2.883451,Zaire,,A,Production of germanium metal,ZR,Germanium,Normal value,ZAR,Germanium metal,tonnes (metric),23.625457,,,162,-2.883451,http://resource.geosciml.org/classifier/cgi/commodity-code/germanium,25,,1973-01-01 00:00:00,882,25,,Production,germanium metal,,
142.796275,43.46076,Japan,,A,Production of germanium metal,JP,Germanium,Normal value,JPN,Germanium metal,tonnes (metric),142.796275,,,162,43.460760,http://resource.geosciml.org/classifier/cgi/commodity-code/germanium,28,,1973-01-01 00:00:00,882,28,,Production,germanium metal,,
-97.834383,39.139831,USA,,A,Production of germanium metal,US,Germanium,Normal value,USA,Germanium metal,tonnes (metric),-97.834383,,,162,39.139831,http://resource.geosciml.org/classifier/cgi/commodity-code/germanium,17,,1973-01-01 00:00:00,882,17,*,Production,germanium metal,,Estimates.
82.51,55.51,Soviet Union,,A,Production of germanium metal,SU,Germanium,Normal value,SUN,Germanium metal,tonnes (metric),82.510000,,,162,55.510000,http://resource.geosciml.org/classifier/cgi/commodity-code/germanium,9,,1973-01-01 00:00:00,882,9,*,Production,germanium metal,,Estimates.
82.51,55.51,Soviet Union,,A,Production of germanium metal,SU,Germanium,Normal value,SUN,Germanium metal,tonnes (metric),82.510000,,,162,55.510000,http://resource.geosciml.org/classifier/cgi/commodity-code/germanium,9,,1974-01-01 00:00:00,882,9,*,Production,germanium metal,,Estimates.
142.796275,43.46076,Japan,,A,Production of germanium metal,JP,Germanium,Normal value,JPN,Germanium metal,tonnes (metric),142.796275,,,162,43.460760,http://resource.geosciml.org/classifier/cgi/commodity-code/germanium,17,,1974-01-01 00:00:00,882,17,,Production,germanium metal,,
-97.834383,39.139831,USA,,A,Production of germanium metal,US,Germanium,Normal value,USA,Germanium metal,tonnes (metric),-97.834383,,,162,39.139831,http://resource.geosciml.org/classifier/cgi/commodity-code/germanium,16,,1974-01-01 00:00:00,882,16,*,Production,germanium metal,,Estimates.
16.971256999999998,-20.703654,Namibia,,A,Production of germanium metal,NA,Germanium,Normal value,NAM,Germanium metal,tonnes (metric),16.971257,,,162,-20.703654,http://resource.geosciml.org/classifier/cgi/commodity-code/germanium,9,,1974-01-01 00:00:00,882,9,*,Production,germanium metal,,Estimates.
23.625456999999997,-2.883451,Zaire,,A,Production of germanium metal,ZR,Germanium,Normal value,ZAR,Germanium metal,tonnes (metric),23.625457,,,162,-2.883451,http://resource.geosciml.org/classifier/cgi/commodity-code/germanium,62,,1974-01-01 00:00:00,882,62,,Production,germanium metal,,
16.971256999999998,-20.703654,Namibia,,A,Production of germanium metal,NA,Germanium,Normal value,NAM,Germanium metal,tonnes (metric),16.971257,,,162,-20.703654,http://resource.geosciml.org/classifier/cgi/commodity-code/germanium,9,,1975-01-01 00:00:00,882,9,*,Production,germanium metal,,Estimates.
23.625456999999997,-2.883451,Zaire,,A,Production of germanium metal,ZR,Germanium,Normal value,ZAR,Germanium metal,tonnes (metric),23.625457,,,162,-2.883451,http://resource.geosciml.org/classifier/cgi/commodity-code/germanium,12,,1975-01-01 00:00:00,882,12,,Production,germanium metal,,
-97.834383,39.139831,USA,,A,Production of germanium metal,US,Germanium,Normal value,USA,Germanium metal,tonnes (metric),-97.834383,,,162,39.139831,http://resource.geosciml.org/classifier/cgi/commodity-code/germanium,14,,1975-01-01 00:00:00,882,14,*,Production,germanium metal,,Estimates.
142.796275,43.46076,Japan,,A,Production of germanium metal,JP,Germanium,Normal value,JPN,Germanium metal,tonnes (metric),142.796275,,,162,43.460760,http://resource.geosciml.org/classifier/cgi/commodity-code/germanium,15,,1975-01-01 00:00:00,882,15,,Production,germanium metal,,
82.51,55.51,Soviet Union,,A,Production of germanium metal,SU,Germanium,Normal value,SUN,Germanium metal,tonnes (metric),82.510000,,,162,55.510000,http://resource.geosciml.org/classifier/cgi/commodity-code/germanium,10,,1975-01-01 00:00:00,882,10,*,Production,germanium metal,,Estimates.
82.51,55.51,Soviet Union,,A,Production of germanium metal,SU,Germanium,Normal value,SUN,Germanium metal,tonnes (metric),82.510000,,,162,55.510000,http://resource.geosciml.org/classifier/cgi/commodity-code/germanium,14,,1976-01-01 00:00:00,882,14,*,Production,germanium metal,,Estimates.
142.796275,43.46076,Japan,,A,Production of germanium metal,JP,Germanium,Normal value,JPN,Germanium metal,tonnes (metric),142.796275,,,162,43.460760,http://resource.geosciml.org/classifier/cgi/commodity-code/germanium,16,,1976-01-01 00:00:00,882,16,,Production,germanium metal,,
-97.834383,39.139831,USA,,A,Production of germanium metal,US,Germanium,Normal value,USA,Germanium metal,tonnes (metric),-97.834383,,,162,39.139831,http://resource.geosciml.org/classifier/cgi/commodity-code/germanium,16,,1976-01-01 00:00:00,882,16,*|a,Production,germanium metal,,Estimates.|Including production of secondary metal.
14.130671999999999,47.585656,Austria,,A,Production of germanium metal,AT,Germanium,Normal value,AUT,Germanium metal,tonnes (metric),14.130672,,,162,47.585656,http://resource.geosciml.org/classifier/cgi/commodity-code/germanium,5,,1976-01-01 00:00:00,882,5,,Production,germanium metal,,
14.130671999999999,47.585656,Austria,,A,Production of germanium metal,AT,Germanium,Normal value,AUT,Germanium metal,tonnes (metric),14.130672,,,162,47.585656,http://resource.geosciml.org/classifier/cgi/commodity-code/germanium,4,,1977-01-01 00:00:00,882,4,,Production,germanium metal,,
82.51,55.51,Soviet Union,,A,Production of germanium metal,SU,Germanium,Normal value,SUN,Germanium metal,tonnes (metric),82.510000,,,162,55.510000,http://resource.geosciml.org/classifier/cgi/commodity-code/germanium,14,,1977-01-01 00:00:00,882,14,*,Production,germanium metal,,Estimates.
142.796275,43.46076,Japan,,A,Production of germanium metal,JP,Germanium,Normal value,JPN,Germanium metal,tonnes (metric),142.796275,,,162,43.460760,http://resource.geosciml.org/classifier/cgi/commodity-code/germanium,13,,1977-01-01 00:00:00,882,13,,Production,germanium metal,,
-97.834383,39.139831,USA,,A,Production of germanium metal,US,Germanium,Normal value,USA,Germanium metal,tonnes (metric),-97.834383,,,162,39.139831,http://resource.geosciml.org/classifier/cgi/commodity-code/germanium,16,,1977-01-01 00:00:00,882,16,*|a,Production,germanium metal,,Estimates.|Including production of secondary metal.
82.51,55.51,Soviet Union,,A,Production of germanium metal,SU,Germanium,Normal value,SUN,Germanium metal,tonnes (metric),82.510000,,,162,55.510000,http://resource.geosciml.org/classifier/cgi/commodity-code/germanium,14,,1978-01-01 00:00:00,882,14,*,Production,germanium metal,,Estimates.
142.796275,43.46076,Japan,,A,Production of germanium metal,JP,Germanium,Normal value,JPN,Germanium metal,tonnes (metric),142.796275,,,162,43.460760,http://resource.geosciml.org/classifier/cgi/commodity-code/germanium,11,,1978-01-01 00:00:00,882,11,,Production,germanium metal,,
-97.834383,39.139831,USA,,A,Production of germanium metal,US,Germanium,Normal value,USA,Germanium metal,tonnes (metric),-97.834383,,,162,39.139831,http://resource.geosciml.org/classifier/cgi/commodity-code/germanium,19,,1978-01-01 00:00:00,882,19,*|a,Production,germanium metal,,Estimates.|Including production of secondary metal.
14.130671999999999,47.585656,Austria,,A,Production of germanium metal,AT,Germanium,Normal value,AUT,Germanium metal,tonnes (metric),14.130672,,,162,47.585656,http://resource.geosciml.org/classifier/cgi/commodity-code/germanium,4,,1978-01-01 00:00:00,882,4,,Production,germanium metal,,
2.452177,46.620563,France,,A,Production of germanium metal,FR,Germanium,Normal Value,FRA,Germanium metal,tonnes (metric),2.452177,,,162,46.620563,http://resource.geosciml.org/classifier/cgi/commodity-code/germanium,0,,1979-01-01 00:00:00,882,-----,,Production,germanium metal,Nil (nothing produced),
14.130671999999999,47.585656,Austria,,A,Production of germanium metal,AT,Germanium,Normal value,AUT,Germanium metal,tonnes (metric),14.130672,,,162,47.585656,http://resource.geosciml.org/classifier/cgi/commodity-code/germanium,5,,1979-01-01 00:00:00,882,5,,Production,germanium metal,,
142.796275,43.46076,Japan,,A,Production of germanium metal,JP,Germanium,Normal value,JPN,Germanium metal,tonnes (metric),142.796275,,,162,43.460760,http://resource.geosciml.org/classifier/cgi/commodity-code/germanium,10,,1979-01-01 00:00:00,882,10,,Production,germanium metal,,
82.51,55.51,Soviet Union,,A,Production of germanium metal,SU,Germanium,Normal value,SUN,Germanium metal,tonnes (metric),82.510000,,,162,55.510000,http://resource.geosciml.org/classifier/cgi/commodity-code/germanium,14,,1979-01-01 00:00:00,882,14,*,Production,germanium metal,,Estimates.
-97.834383,39.139831,USA,,A,Production of germanium metal,US,Germanium,Normal value,USA,Germanium metal,tonnes (metric),-97.834383,,,162,39.139831,http://resource.geosciml.org/classifier/cgi/commodity-code/germanium,23,,1979-01-01 00:00:00,882,23,*|a,Production,germanium metal,,Estimates.|Including production of secondary metal.
82.51,55.51,Soviet Union,,A,Production of germanium metal,SU,Germanium,Normal value,SUN,Germanium metal,tonnes (metric),82.510000,,,162,55.510000,http://resource.geosciml.org/classifier/cgi/commodity-code/germanium,14,,1980-01-01 00:00:00,882,14,*,Production,germanium metal,,Estimates.
-97.834383,39.139831,USA,,A,Production of germanium metal,US,Germanium,Normal value,USA,Germanium metal,tonnes (metric),-97.834383,,,162,39.139831,http://resource.geosciml.org/classifier/cgi/commodity-code/germanium,27,,1980-01-01 00:00:00,882,27,*|a,Production,germanium metal,,Estimates.|Including production of secondary metal.
142.796275,43.46076,Japan,,A,Production of germanium metal,JP,Germanium,Normal value,JPN,Germanium metal,tonnes (metric),142.796275,,,162,43.460760,http://resource.geosciml.org/classifier/cgi/commodity-code/germanium,13,,1980-01-01 00:00:00,882,13,,Production,germanium metal,,
14.130671999999999,47.585656,Austria,,A,Production of germanium metal,AT,Germanium,Normal value,AUT,Germanium metal,tonnes (metric),14.130672,,,162,47.585656,http://resource.geosciml.org/classifier/cgi/commodity-code/germanium,5,,1980-01-01 00:00:00,882,5,,Production,germanium metal,,
2.452177,46.620563,France,,A,Production of germanium metal,FR,Germanium,Normal value,FRA,Germanium metal,tonnes (metric),2.452177,,,162,46.620563,http://resource.geosciml.org/classifier/cgi/commodity-code/germanium,10,,1980-01-01 00:00:00,882,10,,Production,germanium metal,,
2.452177,46.620563,France,,A,Production of germanium metal,FR,Germanium,Normal value,FRA,Germanium metal,tonnes (metric),2.452177,,,162,46.620563,http://resource.geosciml.org/classifier/cgi/commodity-code/germanium,13,,1981-01-01 00:00:00,882,13,,Production,germanium metal,,
14.130671999999999,47.585656,Austria,,A,Production of germanium metal,AT,Germanium,Normal value,AUT,Germanium metal,tonnes (metric),14.130672,,,162,47.585656,http://resource.geosciml.org/classifier/cgi/commodity-code/germanium,4,,1981-01-01 00:00:00,882,4,,Production,germanium metal,,
-97.834383,39.139831,USA,,A,Production of germanium metal,US,Germanium,Normal value,USA,Germanium metal,tonnes (metric),-97.834383,,,162,39.139831,http://resource.geosciml.org/classifier/cgi/commodity-code/germanium,28,,1981-01-01 00:00:00,882,28,*|a,Production,germanium metal,,Estimates.|Including production of secondary metal.
82.51,55.51,Soviet Union,,A,Production of germanium metal,SU,Germanium,Normal value,SUN,Germanium metal,tonnes (metric),82.510000,,,162,55.510000,http://resource.geosciml.org/classifier/cgi/commodity-code/germanium,15,,1981-01-01 00:00:00,882,15,*,Production,germanium metal,,Estimates.
142.796275,43.46076,Japan,,A,Production of germanium metal,JP,Germanium,Normal value,JPN,Germanium metal,tonnes (metric),142.796275,,,162,43.460760,http://resource.geosciml.org/classifier/cgi/commodity-code/germanium,11,,1981-01-01 00:00:00,882,11,,Production,germanium metal,,
82.51,55.51,Soviet Union,,A,Production of germanium metal,SU,Germanium,Normal value,SUN,Germanium metal,tonnes (metric),82.510000,,,162,55.510000,http://resource.geosciml.org/classifier/cgi/commodity-code/germanium,11,,1982-01-01 00:00:00,882,11,*,Production,germanium metal,,Estimates.
142.796275,43.46076,Japan,,A,Production of germanium metal,JP,Germanium,Normal value,JPN,Germanium metal,tonnes (metric),142.796275,,,162,43.460760,http://resource.geosciml.org/classifier/cgi/commodity-code/germanium,7,,1982-01-01 00:00:00,882,7,,Production,germanium metal,,
-97.834383,39.139831,USA,,A,Production of germanium metal,US,Germanium,Normal value,USA,Germanium metal,tonnes (metric),-97.834383,,,162,39.139831,http://resource.geosciml.org/classifier/cgi/commodity-code/germanium,26,,1982-01-01 00:00:00,882,26,*|a,Production,germanium metal,,Estimates.|Including production of secondary metal.
14.130671999999999,47.585656,Austria,,A,Production of germanium metal,AT,Germanium,Normal value,AUT,Germanium metal,tonnes (metric),14.130672,,,162,47.585656,http://resource.geosciml.org/classifier/cgi/commodity-code/germanium,4,,1982-01-01 00:00:00,882,4,,Production,germanium metal,,
109.537431,32.216659,China,,A,Production of germanium metal,CN,Germanium,Normal value,CHN,Germanium metal,tonnes (metric),109.537431,,,162,32.216659,http://resource.geosciml.org/classifier/cgi/commodity-code/germanium,6,,1982-01-01 00:00:00,882,6,*,Production,germanium metal,,Estimates.
14.130671999999999,47.585656,Austria,,A,Production of germanium metal,AT,Germanium,Normal value,AUT,Germanium metal,tonnes (metric),14.130672,,,162,47.585656,http://resource.geosciml.org/classifier/cgi/commodity-code/germanium,6,,1983-01-01 00:00:00,882,6,,Production,germanium metal,,
109.537431,32.216659,China,,A,Production of germanium metal,CN,Germanium,Normal value,CHN,Germanium metal,tonnes (metric),109.537431,,,162,32.216659,http://resource.geosciml.org/classifier/cgi/commodity-code/germanium,6,,1983-01-01 00:00:00,882,6,*,Production,germanium metal,,Estimates.
142.796275,43.46076,Japan,,A,Production of germanium metal,JP,Germanium,Normal value,JPN,Germanium metal,tonnes (metric),142.796275,,,162,43.460760,http://resource.geosciml.org/classifier/cgi/commodity-code/germanium,7,,1983-01-01 00:00:00,882,7,,Production,germanium metal,,
-97.834383,39.139831,USA,,A,Production of germanium metal,US,Germanium,Normal value,USA,Germanium metal,tonnes (metric),-97.834383,,,162,39.139831,http://resource.geosciml.org/classifier/cgi/commodity-code/germanium,20,,1983-01-01 00:00:00,882,20,*|a,Production,germanium metal,,Estimates.|Including production of secondary metal.
82.51,55.51,Soviet Union,,A,Production of germanium metal,SU,Germanium,Normal value,SUN,Germanium metal,tonnes (metric),82.510000,,,162,55.510000,http://resource.geosciml.org/classifier/cgi/commodity-code/germanium,11,,1983-01-01 00:00:00,882,11,*,Production,germanium metal,,Estimates.
82.51,55.51,Soviet Union,,A,Production of germanium metal,SU,Germanium,Normal value,SUN,Germanium metal,tonnes (metric),82.510000,,,162,55.510000,http://resource.geosciml.org/classifier/cgi/commodity-code/germanium,11,,1984-01-01 00:00:00,882,11,*,Production,germanium metal,,Estimates.
-97.834383,39.139831,USA,,A,Production of germanium metal,US,Germanium,Normal value,USA,Germanium metal,tonnes (metric),-97.834383,,,162,39.139831,http://resource.geosciml.org/classifier/cgi/commodity-code/germanium,20,,1984-01-01 00:00:00,882,20,*|a,Production,germanium metal,,Estimates.|Including production of secondary metal.
142.796275,43.46076,Japan,,A,Production of germanium metal,JP,Germanium,Normal value,JPN,Germanium metal,tonnes (metric),142.796275,,,162,43.460760,http://resource.geosciml.org/classifier/cgi/commodity-code/germanium,8,,1984-01-01 00:00:00,882,8,,Production,germanium metal,,
109.537431,32.216659,China,,A,Production of germanium metal,CN,Germanium,Normal value,CHN,Germanium metal,tonnes (metric),109.537431,,,162,32.216659,http://resource.geosciml.org/classifier/cgi/commodity-code/germanium,6,,1984-01-01 00:00:00,882,6,*,Production,germanium metal,,Estimates.
14.130671999999999,47.585656,Austria,,A,Production of germanium metal,AT,Germanium,Normal value,AUT,Germanium metal,tonnes (metric),14.130672,,,162,47.585656,http://resource.geosciml.org/classifier/cgi/commodity-code/germanium,5,,1984-01-01 00:00:00,882,5,,Production,germanium metal,,
14.130671999999999,47.585656,Austria,,A,Production of germanium metal,AT,Germanium,Normal value,AUT,Germanium metal,tonnes (metric),14.130672,,,162,47.585656,http://resource.geosciml.org/classifier/cgi/commodity-code/germanium,5,,1985-01-01 00:00:00,882,5,,Production,germanium metal,,
109.537431,32.216659,China,,A,Production of germanium metal,CN,Germanium,Normal value,CHN,Germanium metal,tonnes (metric),109.537431,,,162,32.216659,http://resource.geosciml.org/classifier/cgi/commodity-code/germanium,6,,1985-01-01 00:00:00,882,6,*,Production,germanium metal,,Estimates.
-97.834383,39.139831,USA,,A,Production of germanium metal,US,Germanium,Normal value,USA,Germanium metal,tonnes (metric),-97.834383,,,162,39.139831,http://resource.geosciml.org/classifier/cgi/commodity-code/germanium,22,,1985-01-01 00:00:00,882,22,*|a,Production,germanium metal,,Estimates.|Including production of secondary metal.
142.796275,43.46076,Japan,,A,Production of germanium metal,JP,Germanium,Normal value,JPN,Germanium metal,tonnes (metric),142.796275,,,162,43.460760,http://resource.geosciml.org/classifier/cgi/commodity-code/germanium,10,,1985-01-01 00:00:00,882,10,,Production,germanium metal,,
82.51,55.51,Soviet Union,,A,Production of germanium metal,SU,Germanium,Normal value,SUN,Germanium metal,tonnes (metric),82.510000,,,162,55.510000,http://resource.geosciml.org/classifier/cgi/commodity-code/germanium,11,,1985-01-01 00:00:00,882,11,*,Production,germanium metal,,Estimates.
142.796275,43.46076,Japan,,A,Production of germanium metal,JP,Germanium,Normal value,JPN,Germanium metal,tonnes (metric),142.796275,,,162,43.460760,http://resource.geosciml.org/classifier/cgi/commodity-code/germanium,9,,1986-01-01 00:00:00,882,9,,Production,germanium metal,,
82.51,55.51,Soviet Union,,A,Production of germanium metal,SU,Germanium,Normal value,SUN,Germanium metal,tonnes (metric),82.510000,,,162,55.510000,http://resource.geosciml.org/classifier/cgi/commodity-code/germanium,11,,1986-01-01 00:00:00,882,11,*,Production,germanium metal,,Estimates.
-97.834383,39.139831,USA,,A,Production of germanium metal,US,Germanium,Normal value,USA,Germanium metal,tonnes (metric),-97.834383,,,162,39.139831,http://resource.geosciml.org/classifier/cgi/commodity-code/germanium,22,,1986-01-01 00:00:00,882,22,*|a,Production,germanium metal,,Estimates.|Including production of secondary metal.
14.130671999999999,47.585656,Austria,,A,Production of germanium metal,AT,Germanium,Normal value,AUT,Germanium metal,tonnes (metric),14.130672,,,162,47.585656,http://resource.geosciml.org/classifier/cgi/commodity-code/germanium,6,,1986-01-01 00:00:00,882,6,,Production,germanium metal,,
109.537431,32.216659,China,,A,Production of germanium metal,CN,Germanium,Normal value,CHN,Germanium metal,tonnes (metric),109.537431,,,162,32.216659,http://resource.geosciml.org/classifier/cgi/commodity-code/germanium,6,,1986-01-01 00:00:00,882,6,*,Production,germanium metal,,Estimates.
14.130671999999999,47.585656,Austria,,A,Production of germanium metal,AT,Germanium,Normal value,AUT,Germanium metal,tonnes (metric),14.130672,,,162,47.585656,http://resource.geosciml.org/classifier/cgi/commodity-code/germanium,7,,1987-01-01 00:00:00,882,7,,Production,germanium metal,,
109.537431,32.216659,China,,A,Production of germanium metal,CN,Germanium,Normal value,CHN,Germanium metal,tonnes (metric),109.537431,,,162,32.216659,http://resource.geosciml.org/classifier/cgi/commodity-code/germanium,6,,1987-01-01 00:00:00,882,6,*,Production,germanium metal,,Estimates.
82.51,55.51,Soviet Union,,A,Production of germanium metal,SU,Germanium,Normal value,SUN,Germanium metal,tonnes (metric),82.510000,,,162,55.510000,http://resource.geosciml.org/classifier/cgi/commodity-code/germanium,11,,1987-01-01 00:00:00,882,11,*,Production,germanium metal,,Estimates.
-97.834383,39.139831,USA,,A,Production of germanium metal,US,Germanium,Normal value,USA,Germanium metal,tonnes (metric),-97.834383,,,162,39.139831,http://resource.geosciml.org/classifier/cgi/commodity-code/germanium,25,,1987-01-01 00:00:00,882,25,*|a,Production,germanium metal,,Estimates.|Including production of secondary metal.
142.796275,43.46076,Japan,,A,Production of germanium metal,JP,Germanium,Normal value,JPN,Germanium metal,tonnes (metric),142.796275,,,162,43.460760,http://resource.geosciml.org/classifier/cgi/commodity-code/germanium,5,,1987-01-01 00:00:00,882,5,,Production,germanium metal,,
-97.834383,39.139831,USA,,A,Production of germanium metal,US,Germanium,Normal value,USA,Germanium metal,tonnes (metric),-97.834383,,,162,39.139831,http://resource.geosciml.org/classifier/cgi/commodity-code/germanium,21,,1988-01-01 00:00:00,882,21,*|a,Production,germanium metal,,Estimates.|Including production of secondary metal.
82.51,55.51,Soviet Union,,A,Production of germanium metal,SU,Germanium,Normal value,SUN,Germanium metal,tonnes (metric),82.510000,,,162,55.510000,http://resource.geosciml.org/classifier/cgi/commodity-code/germanium,12,,1988-01-01 00:00:00,882,12,*,Production,germanium metal,,Estimates.
142.796275,43.46076,Japan,,A,Production of germanium metal,JP,Germanium,Normal value,JPN,Germanium metal,tonnes (metric),142.796275,,,162,43.460760,http://resource.geosciml.org/classifier/cgi/commodity-code/germanium,4,,1988-01-01 00:00:00,882,4,,Production,germanium metal,,
109.537431,32.216659,China,,A,Production of germanium metal,CN,Germanium,Normal value,CHN,Germanium metal,tonnes (metric),109.537431,,,162,32.216659,http://resource.geosciml.org/classifier/cgi/commodity-code/germanium,6,,1988-01-01 00:00:00,882,6,*,Production,germanium metal,,Estimates.
14.130671999999999,47.585656,Austria,,A,Production of germanium metal,AT,Germanium,Normal value,AUT,Germanium metal,tonnes (metric),14.130672,,,162,47.585656,http://resource.geosciml.org/classifier/cgi/commodity-code/germanium,6,,1988-01-01 00:00:00,882,6,,Production,germanium metal,,
109.537431,32.216659,China,,A,Production of germanium metal,CN,Germanium,Normal value,CHN,Germanium metal,tonnes (metric),109.537431,,,162,32.216659,http://resource.geosciml.org/classifier/cgi/commodity-code/germanium,6,,1989-01-01 00:00:00,882,6,*,Production,germanium metal,,Estimates.
14.130671999999999,47.585656,Austria,,A,Production of germanium metal,AT,Germanium,Normal value,AUT,Germanium metal,tonnes (metric),14.130672,,,162,47.585656,http://resource.geosciml.org/classifier/cgi/commodity-code/germanium,6,,1989-01-01 00:00:00,882,6,,Production,germanium metal,,
142.796275,43.46076,Japan,,A,Production of germanium metal,JP,Germanium,Normal value,JPN,Germanium metal,tonnes (metric),142.796275,,,162,43.460760,http://resource.geosciml.org/classifier/cgi/commodity-code/germanium,3,,1989-01-01 00:00:00,882,3,,Production,germanium metal,,
-97.834383,39.139831,USA,,A,Production of germanium metal,US,Germanium,Normal value,USA,Germanium metal,tonnes (metric),-97.834383,,,162,39.139831,http://resource.geosciml.org/classifier/cgi/commodity-code/germanium,20,,1989-01-01 00:00:00,882,20,*|a,Production,germanium metal,,Estimates.|Including production of secondary metal.
82.51,55.51,Soviet Union,,A,Production of germanium metal,SU,Germanium,Normal value,SUN,Germanium metal,tonnes (metric),82.510000,,,162,55.510000,http://resource.geosciml.org/classifier/cgi/commodity-code/germanium,12,,1989-01-01 00:00:00,882,12,*,Production,germanium metal,,Estimates.
82.51,55.51,Soviet Union,,A,Production of germanium metal,SU,Germanium,Normal value,SUN,Germanium metal,tonnes (metric),82.510000,,,162,55.510000,http://resource.geosciml.org/classifier/cgi/commodity-code/germanium,12,,1990-01-01 00:00:00,882,12,*,Production,germanium metal,,Estimates.
142.796275,43.46076,Japan,,A,Production of germanium metal,JP,Germanium,Normal value,JPN,Germanium metal,tonnes (metric),142.796275,,,162,43.460760,http://resource.geosciml.org/classifier/cgi/commodity-code/germanium,3,,1990-01-01 00:00:00,882,3,,Production,germanium metal,,
-97.834383,39.139831,USA,,A,Production of germanium metal,US,Germanium,Normal value,USA,Germanium metal,tonnes (metric),-97.834383,,,162,39.139831,http://resource.geosciml.org/classifier/cgi/commodity-code/germanium,18,,1990-01-01 00:00:00,882,18,*|a,Production,germanium metal,,Estimates.|Including production of secondary metal.
14.130671999999999,47.585656,Austria,,A,Production of germanium metal,AT,Germanium,Normal value,AUT,Germanium metal,tonnes (metric),14.130672,,,162,47.585656,http://resource.geosciml.org/classifier/cgi/commodity-code/germanium,5,,1990-01-01 00:00:00,882,5,,Production,germanium metal,,
109.537431,32.216659,China,,A,Production of germanium metal,CN,Germanium,Normal value,CHN,Germanium metal,tonnes (metric),109.537431,,,162,32.216659,http://resource.geosciml.org/classifier/cgi/commodity-code/germanium,10,,1990-01-01 00:00:00,882,10,*,Production,germanium metal,,Estimates.
14.130671999999999,47.585656,Austria,,A,Production of germanium metal,AT,Germanium,Normal Value,AUT,Germanium metal,tonnes (metric),14.130672,,,162,47.585656,http://resource.geosciml.org/classifier/cgi/commodity-code/germanium,0,,1991-01-01 00:00:00,882,-----,,Production,germanium metal,Nil (nothing produced),
109.537431,32.216659,China,,A,Production of germanium metal,CN,Germanium,Normal value,CHN,Germanium metal,tonnes (metric),109.537431,,,162,32.216659,http://resource.geosciml.org/classifier/cgi/commodity-code/germanium,12,,1991-01-01 00:00:00,882,12,*,Production,germanium metal,,Estimates.
-97.834383,39.139831,USA,,A,Production of germanium metal,US,Germanium,Normal value,USA,Germanium metal,tonnes (metric),-97.834383,,,162,39.139831,http://resource.geosciml.org/classifier/cgi/commodity-code/germanium,15,,1991-01-01 00:00:00,882,15,*|a,Production,germanium metal,,Estimates.|Including production of secondary metal.
142.796275,43.46076,Japan,,A,Production of germanium metal,JP,Germanium,Normal value,JPN,Germanium metal,tonnes (metric),142.796275,,,162,43.460760,http://resource.geosciml.org/classifier/cgi/commodity-code/germanium,3,,1991-01-01 00:00:00,882,3,,Production,germanium metal,,
82.51,55.51,Soviet Union,,A,Production of germanium metal,SU,Germanium,Normal value,SUN,Germanium metal,tonnes (metric),82.510000,,,162,55.510000,http://resource.geosciml.org/classifier/cgi/commodity-code/germanium,15,,1991-01-01 00:00:00,882,15,*,Production,germanium metal,,Estimates.
-97.834383,39.139831,USA,,A,Production of germanium metal,US,Germanium,Normal value,USA,Germanium metal,tonnes (metric),-97.834383,,1,162,39.139831,http://resource.geosciml.org/classifier/cgi/commodity-code/germanium,13,"Significant quantities of germanium are also believed to be recovered from imported or domestic material in Belgium, France, Fed Republic of Germany and to a lesser extent in Italy",1992-01-01 00:00:00,882,13,*|a,Production,germanium metal,,Estimates.|Including production of secondary metal.
82.51,55.51,Soviet Union,,A,Production of germanium metal,SU,Germanium,Normal value,SUN,Germanium metal,tonnes (metric),82.510000,,1,162,55.510000,http://resource.geosciml.org/classifier/cgi/commodity-code/germanium,12,"Significant quantities of germanium are also believed to be recovered from imported or domestic material in Belgium, France, Fed Republic of Germany and to a lesser extent in Italy",1992-01-01 00:00:00,882,12,*|b,Production,germanium metal,,Estimates.|Dissolved in December 1991. No information is available on which to estimate for individual countries.
142.796275,43.46076,Japan,,A,Production of germanium metal,JP,Germanium,Normal value,JPN,Germanium metal,tonnes (metric),142.796275,,1,162,43.460760,http://resource.geosciml.org/classifier/cgi/commodity-code/germanium,3,"Significant quantities of germanium are also believed to be recovered from imported or domestic material in Belgium, France, Fed Republic of Germany and to a lesser extent in Italy",1992-01-01 00:00:00,882,3,,Production,germanium metal,,
-3.562909,40.389544,Spain,,A,Production of germanium metal,ES,Germanium,Normal value,ESP,Germanium metal,tonnes (metric),-3.562909,,1,162,40.389544,http://resource.geosciml.org/classifier/cgi/commodity-code/germanium,6,"Significant quantities of germanium are also believed to be recovered from imported or domestic material in Belgium, France, Fed Republic of Germany and to a lesser extent in Italy",1992-01-01 00:00:00,882,6,,Production,germanium metal,,
109.537431,32.216659,China,,A,Production of germanium metal,CN,Germanium,Normal value,CHN,Germanium metal,tonnes (metric),109.537431,,1,162,32.216659,http://resource.geosciml.org/classifier/cgi/commodity-code/germanium,8,"Significant quantities of germanium are also believed to be recovered from imported or domestic material in Belgium, France, Fed Republic of Germany and to a lesser extent in Italy",1992-01-01 00:00:00,882,8,*,Production,germanium metal,,Estimates.
109.537431,32.216659,China,,A,Production of germanium metal,CN,Germanium,Normal value,CHN,Germanium metal,tonnes (metric),109.537431,,1,162,32.216659,http://resource.geosciml.org/classifier/cgi/commodity-code/germanium,1,"Significant quantities of germanium are also believed to be recovered from imported or domestic material in Belgium, France, Germany and to a lesser extent in Italy",1993-01-01 00:00:00,882,1,,Production,germanium metal,,
-97.834383,39.139831,USA,,A,Production of germanium metal,US,Germanium,Normal value,USA,Germanium metal,tonnes (metric),-97.834383,,1,162,39.139831,http://resource.geosciml.org/classifier/cgi/commodity-code/germanium,10,"Significant quantities of germanium are also believed to be recovered from imported or domestic material in Belgium, France, Germany and to a lesser extent in Italy",1993-01-01 00:00:00,882,10,*|a,Production,germanium metal,,Estimates.|Including production of secondary metal.
142.796275,43.46076,Japan,,A,Production of germanium metal,JP,Germanium,Normal value,JPN,Germanium metal,tonnes (metric),142.796275,,1,162,43.460760,http://resource.geosciml.org/classifier/cgi/commodity-code/germanium,3,"Significant quantities of germanium are also believed to be recovered from imported or domestic material in Belgium, France, Germany and to a lesser extent in Italy",1993-01-01 00:00:00,882,3,,Production,germanium metal,,
-3.562909,40.389544,Spain,,A,Production of germanium metal,ES,Germanium,Normal value,ESP,Germanium metal,tonnes (metric),-3.562909,,1,162,40.389544,http://resource.geosciml.org/classifier/cgi/commodity-code/germanium,6,"Significant quantities of germanium are also believed to be recovered from imported or domestic material in Belgium, France, Germany and to a lesser extent in Italy",1993-01-01 00:00:00,882,6,,Production,germanium metal,,
109.537431,32.216659,China,,A,Production of germanium metal,CN,Germanium,Normal value,CHN,Germanium metal,tonnes (metric),109.537431,,1,162,32.216659,http://resource.geosciml.org/classifier/cgi/commodity-code/germanium,1,"Significant quantities of germanium are also believed to be recovered from imported or domestic material in France, Germany, Russia and to a lesser extent in Italy",1994-01-01 00:00:00,882,1,,Production,germanium metal,,
-97.834383,39.139831,USA,,A,Production of germanium metal,US,Germanium,Normal value,USA,Germanium metal,tonnes (metric),-97.834383,,1,162,39.139831,http://resource.geosciml.org/classifier/cgi/commodity-code/germanium,10,"Significant quantities of germanium are also believed to be recovered from imported or domestic material in France, Germany, Russia and to a lesser extent in Italy",1994-01-01 00:00:00,882,10,*|a,Production,germanium metal,,Estimates.|Including production of secondary metal.
142.796275,43.46076,Japan,,A,Production of germanium metal,JP,Germanium,Normal value,JPN,Germanium metal,tonnes (metric),142.796275,,1,162,43.460760,http://resource.geosciml.org/classifier/cgi/commodity-code/germanium,2,"Significant quantities of germanium are also believed to be recovered from imported or domestic material in France, Germany, Russia and to a lesser extent in Italy",1994-01-01 00:00:00,882,2,,Production,germanium metal,,
-97.834383,39.139831,USA,,A,Production of germanium metal,US,Germanium,Normal value,USA,Germanium metal,tonnes (metric),-97.834383,,1,162,39.139831,http://resource.geosciml.org/classifier/cgi/commodity-code/germanium,10,"Significant quantities of germanium are also believed to be recovered from imported or domestic material in France, Germany, Russia and to a lesser extent in Italy",1995-01-01 00:00:00,882,10,*|a,Production,germanium metal,,Estimates.|Including production of secondary metal.
142.796275,43.46076,Japan,,A,Production of germanium metal,JP,Germanium,Normal value,JPN,Germanium metal,tonnes (metric),142.796275,,1,162,43.460760,http://resource.geosciml.org/classifier/cgi/commodity-code/germanium,2,"Significant quantities of germanium are also believed to be recovered from imported or domestic material in France, Germany, Russia and to a lesser extent in Italy",1995-01-01 00:00:00,882,2,,Production,germanium metal,,
109.537431,32.216659,China,,A,Production of germanium metal,CN,Germanium,Normal value,CHN,Germanium metal,tonnes (metric),109.537431,,1,162,32.216659,http://resource.geosciml.org/classifier/cgi/commodity-code/germanium,10,"Significant quantities of germanium are also believed to be recovered from imported or domestic material in France, Germany, Russia and to a lesser extent in Italy",1995-01-01 00:00:00,882,10,,Production,germanium metal,,
109.537431,32.216659,China,,A,Production of germanium metal,CN,Germanium,Normal value,CHN,Germanium metal,tonnes (metric),109.537431,,1,162,32.216659,http://resource.geosciml.org/classifier/cgi/commodity-code/germanium,11,"Significant quantities of germanium are also believed to be recovered from imported or domestic material in France, Germany, Russia and to a lesser extent in Italy",1996-01-01 00:00:00,882,11,,Production,germanium metal,,
4.362657,50.839724,Belgium,,A,Production of germanium metal,BE,Germanium,Normal value,BEL,Germanium metal,tonnes (metric),4.362657,,1,162,50.839724,http://resource.geosciml.org/classifier/cgi/commodity-code/germanium,22,"Significant quantities of germanium are also believed to be recovered from imported or domestic material in France, Germany, Russia and to a lesser extent in Italy",1996-01-01 00:00:00,882,22,,Production,germanium metal,,
31.971487999999997,49.685680999999995,Ukraine,,N,Production of germanium metal,UA,Germanium,Not Significant,UKR,Germanium metal,tonnes (metric),31.971488,,1,162,49.685681,http://resource.geosciml.org/classifier/cgi/commodity-code/germanium,0,"Significant quantities of germanium are also believed to be recovered from imported or domestic material in France, Germany, Russia and to a lesser extent in Italy",1996-01-01 00:00:00,882,0,,Production,germanium metal,Quantity is more than 0 but less than 0.5,
-97.834383,39.139831,USA,,A,Production of germanium metal,US,Germanium,Normal value,USA,Germanium metal,tonnes (metric),-97.834383,,1,162,39.139831,http://resource.geosciml.org/classifier/cgi/commodity-code/germanium,18,"Significant quantities of germanium are also believed to be recovered from imported or domestic material in France, Germany, Russia and to a lesser extent in Italy",1996-01-01 00:00:00,882,18,*|a,Production,germanium metal,,Estimates.|Including production of secondary metal.
142.796275,43.46076,Japan,,A,Production of germanium metal,JP,Germanium,Normal value,JPN,Germanium metal,tonnes (metric),142.796275,,1,162,43.460760,http://resource.geosciml.org/classifier/cgi/commodity-code/germanium,2,"Significant quantities of germanium are also believed to be recovered from imported or domestic material in France, Germany, Russia and to a lesser extent in Italy",1996-01-01 00:00:00,882,2,,Production,germanium metal,,
-97.834383,39.139831,USA,,A,Production of germanium metal,US,Germanium,Normal value,USA,Germanium metal,tonnes (metric),-97.834383,,1,162,39.139831,http://resource.geosciml.org/classifier/cgi/commodity-code/germanium,20,"Significant quantities of germanium are also believed to be recovered from imported or domestic material in France, Germany, Russia and to a lesser extent in Italy",1997-01-01 00:00:00,882,20,*|a,Production,germanium metal,,Estimates.|Including production of secondary metal.
142.796275,43.46076,Japan,,A,Production of germanium metal,JP,Germanium,Normal value,JPN,Germanium metal,tonnes (metric),142.796275,,1,162,43.460760,http://resource.geosciml.org/classifier/cgi/commodity-code/germanium,1,"Significant quantities of germanium are also believed to be recovered from imported or domestic material in France, Germany, Russia and to a lesser extent in Italy",1997-01-01 00:00:00,882,1,,Production,germanium metal,,
31.971487999999997,49.685680999999995,Ukraine,,N,Production of germanium metal,UA,Germanium,Not Significant,UKR,Germanium metal,tonnes (metric),31.971488,,1,162,49.685681,http://resource.geosciml.org/classifier/cgi/commodity-code/germanium,0,"Significant quantities of germanium are also believed to be recovered from imported or domestic material in France, Germany, Russia and to a lesser extent in Italy",1997-01-01 00:00:00,882,0,,Production,germanium metal,Quantity is more than 0 but less than 0.5,
4.362657,50.839724,Belgium,,A,Production of germanium metal,BE,Germanium,Normal value,BEL,Germanium metal,tonnes (metric),4.362657,,1,162,50.839724,http://resource.geosciml.org/classifier/cgi/commodity-code/germanium,23,"Significant quantities of germanium are also believed to be recovered from imported or domestic material in France, Germany, Russia and to a lesser extent in Italy",1997-01-01 00:00:00,882,23,,Production,germanium metal,,
109.537431,32.216659,China,,A,Production of germanium metal,CN,Germanium,Normal value,CHN,Germanium metal,tonnes (metric),109.537431,,1,162,32.216659,http://resource.geosciml.org/classifier/cgi/commodity-code/germanium,14,"Significant quantities of germanium are also believed to be recovered from imported or domestic material in France, Germany, Russia and to a lesser extent in Italy",1998-01-01 00:00:00,882,14,,Production,germanium metal,,
4.362657,50.839724,Belgium,,O,Production of germanium metal,BE,Germanium,Missing value,BEL,Germanium metal,tonnes (metric),4.362657,,1,162,50.839724,http://resource.geosciml.org/classifier/cgi/commodity-code/germanium,,"Significant quantities of germanium are also believed to be recovered from imported or domestic material in France, Germany, Russia and to a lesser extent in Italy",1998-01-01 00:00:00,882,...,,Production,germanium metal,Figures not available,
31.971487999999997,49.685680999999995,Ukraine,,A,Production of germanium metal,UA,Germanium,Normal value,UKR,Germanium metal,tonnes (metric),31.971488,,1,162,49.685681,http://resource.geosciml.org/classifier/cgi/commodity-code/germanium,1,"Significant quantities of germanium are also believed to be recovered from imported or domestic material in France, Germany, Russia and to a lesser extent in Italy",1998-01-01 00:00:00,882,1,,Production,germanium metal,,
-97.834383,39.139831,USA,,A,Production of germanium metal,US,Germanium,Normal value,USA,Germanium metal,tonnes (metric),-97.834383,,1,162,39.139831,http://resource.geosciml.org/classifier/cgi/commodity-code/germanium,22,"Significant quantities of germanium are also believed to be recovered from imported or domestic material in France, Germany, Russia and to a lesser extent in Italy",1998-01-01 00:00:00,882,22,*|a,Production,germanium metal,,Estimates.|Including production of secondary metal.
142.796275,43.46076,Japan,,N,Production of germanium metal,JP,Germanium,Not Significant,JPN,Germanium metal,tonnes (metric),142.796275,,1,162,43.460760,http://resource.geosciml.org/classifier/cgi/commodity-code/germanium,0,"Significant quantities of germanium are also believed to be recovered from imported or domestic material in France, Germany, Russia and to a lesser extent in Italy",1998-01-01 00:00:00,882,0,,Production,germanium metal,Quantity is more than 0 but less than 0.5,
31.971487999999997,49.685680999999995,Ukraine,,A,Production of germanium metal,UA,Germanium,Normal value,UKR,Germanium metal,tonnes (metric),31.971488,,1,162,49.685681,http://resource.geosciml.org/classifier/cgi/commodity-code/germanium,1,"Significant quantities of germanium are also believed to be recovered from imported or domestic material in France, Germany, Russia and to a lesser extent in Italy",1999-01-01 00:00:00,882,1,,Production,germanium metal,,
-97.834383,39.139831,USA,,A,Production of germanium metal,US,Germanium,Normal value,USA,Germanium metal,tonnes (metric),-97.834383,,1,162,39.139831,http://resource.geosciml.org/classifier/cgi/commodity-code/germanium,20,"Significant quantities of germanium are also believed to be recovered from imported or domestic material in France, Germany, Russia and to a lesser extent in Italy",1999-01-01 00:00:00,882,20,*|a,Production,germanium metal,,Estimates.|Including production of secondary metal.
142.796275,43.46076,Japan,,A,Production of germanium metal,JP,Germanium,Normal value,JPN,Germanium metal,tonnes (metric),142.796275,,1,162,43.460760,http://resource.geosciml.org/classifier/cgi/commodity-code/germanium,1,"Significant quantities of germanium are also believed to be recovered from imported or domestic material in France, Germany, Russia and to a lesser extent in Italy",1999-01-01 00:00:00,882,1,,Production,germanium metal,,
109.537431,32.216659,China,,A,Production of germanium metal,CN,Germanium,Normal value,CHN,Germanium metal,tonnes (metric),109.537431,,1,162,32.216659,http://resource.geosciml.org/classifier/cgi/commodity-code/germanium,14,"Significant quantities of germanium are also believed to be recovered from imported or domestic material in France, Germany, Russia and to a lesser extent in Italy",1999-01-01 00:00:00,882,14,,Production,germanium metal,,
109.537431,32.216659,China,,A,Production of germanium metal,CN,Germanium,Normal value,CHN,Germanium metal,tonnes (metric),109.537431,,1,162,32.216659,http://resource.geosciml.org/classifier/cgi/commodity-code/germanium,14,"Significant quantities of germanium are also believed to be recovered from imported or domestic material in France, Germany, Russia and to a lesser extent in Italy",2000-01-01 00:00:00,882,14,,Production,germanium metal,,
142.796275,43.46076,Japan,,A,Production of germanium metal,JP,Germanium,Normal value,JPN,Germanium metal,tonnes (metric),142.796275,,1,162,43.460760,http://resource.geosciml.org/classifier/cgi/commodity-code/germanium,2,"Significant quantities of germanium are also believed to be recovered from imported or domestic material in France, Germany, Russia and to a lesser extent in Italy",2000-01-01 00:00:00,882,2,,Production,germanium metal,,
-97.834383,39.139831,USA,,A,Production of germanium metal,US,Germanium,Normal value,USA,Germanium metal,tonnes (metric),-97.834383,,1,162,39.139831,http://resource.geosciml.org/classifier/cgi/commodity-code/germanium,23,"Significant quantities of germanium are also believed to be recovered from imported or domestic material in France, Germany, Russia and to a lesser extent in Italy",2000-01-01 00:00:00,882,23,a,Production,germanium metal,,Including production of secondary metal.
142.796275,43.46076,Japan,,A,Production of germanium metal,JP,Germanium,Normal value,JPN,Germanium metal,tonnes (metric),142.796275,,1,162,43.460760,http://resource.geosciml.org/classifier/cgi/commodity-code/germanium,2,"Significant quantities of germanium are also believed to be recovered from imported or domestic material in France, Germany, Russia and to a lesser extent in Italy",2001-01-01 00:00:00,882,2,,Production,germanium metal,,
-97.834383,39.139831,USA,,A,Production of germanium metal,US,Germanium,Normal value,USA,Germanium metal,tonnes (metric),-97.834383,,1,162,39.139831,http://resource.geosciml.org/classifier/cgi/commodity-code/germanium,5,"Significant quantities of germanium are also believed to be recovered from imported or domestic material in France, Germany, Russia and to a lesser extent in Italy",2001-01-01 00:00:00,882,5,a,Production,germanium metal,,Including production of secondary metal.
109.537431,32.216659,China,,A,Production of germanium metal,CN,Germanium,Normal value,CHN,Germanium metal,tonnes (metric),109.537431,,1,162,32.216659,http://resource.geosciml.org/classifier/cgi/commodity-code/germanium,21,"Significant quantities of germanium are also believed to be recovered from imported or domestic material in France, Germany, Russia and to a lesser extent in Italy",2001-01-01 00:00:00,882,21,,Production,germanium metal,,
109.537431,32.216659,China,,A,Production of germanium metal,CN,Germanium,Normal value,CHN,Germanium metal,tonnes (metric),109.537431,,1,162,32.216659,http://resource.geosciml.org/classifier/cgi/commodity-code/germanium,20,"Significant quantities of germanium are also believed to be recovered from imported or domestic material in France, Germany, Russia and to a lesser extent in Italy",2002-01-01 00:00:00,882,20,*,Production,germanium metal,,Estimates.
-97.834383,39.139831,USA,,A,Production of germanium metal,US,Germanium,Normal value,USA,Germanium metal,tonnes (metric),-97.834383,,1,162,39.139831,http://resource.geosciml.org/classifier/cgi/commodity-code/germanium,5,"Significant quantities of germanium are also believed to be recovered from imported or domestic material in France, Germany, Russia and to a lesser extent in Italy",2002-01-01 00:00:00,882,5,a,Production,germanium metal,,Including production of secondary metal.
142.796275,43.46076,Japan,,A,Production of germanium metal,JP,Germanium,Normal value,JPN,Germanium metal,tonnes (metric),142.796275,,1,162,43.460760,http://resource.geosciml.org/classifier/cgi/commodity-code/germanium,1,"Significant quantities of germanium are also believed to be recovered from imported or domestic material in France, Germany, Russia and to a lesser extent in Italy",2002-01-01 00:00:00,882,1,,Production,germanium metal,,
-97.834383,39.139831,USA,,A,Production of germanium metal,US,Germanium,Normal value,USA,Germanium metal,tonnes (metric),-97.834383,,1,162,39.139831,http://resource.geosciml.org/classifier/cgi/commodity-code/germanium,5,"Significant quantities of germanium are also believed to be recovered from imported or domestic material in France, Germany, Russia and to a lesser extent in Italy",2003-01-01 00:00:00,882,5,a,Production,germanium metal,,Including production of secondary metal.
142.796275,43.46076,Japan,,A,Production of germanium metal,JP,Germanium,Normal value,JPN,Germanium metal,tonnes (metric),142.796275,,1,162,43.460760,http://resource.geosciml.org/classifier/cgi/commodity-code/germanium,1,"Significant quantities of germanium are also believed to be recovered from imported or domestic material in France, Germany, Russia and to a lesser extent in Italy",2003-01-01 00:00:00,882,1,,Production,germanium metal,,
109.537431,32.216659,China,,A,Production of germanium metal,CN,Germanium,Normal value,CHN,Germanium metal,tonnes (metric),109.537431,,1,162,32.216659,http://resource.geosciml.org/classifier/cgi/commodity-code/germanium,30,"Significant quantities of germanium are also believed to be recovered from imported or domestic material in France, Germany, Russia and to a lesser extent in Italy",2003-01-01 00:00:00,882,30,*,Production,germanium metal,,Estimates.
109.537431,32.216659,China,,A,Production of germanium metal,CN,Germanium,Normal value,CHN,Germanium metal,tonnes (metric),109.537431,,1,162,32.216659,http://resource.geosciml.org/classifier/cgi/commodity-code/germanium,30,"Significant quantities of germanium are also believed to be recovered from imported or domestic material in France, Germany, Russia and to a lesser extent in Italy",2004-01-01 00:00:00,882,30,*,Production,germanium metal,,Estimates.
142.796275,43.46076,Japan,,A,Production of germanium metal,JP,Germanium,Normal value,JPN,Germanium metal,tonnes (metric),142.796275,,1,162,43.460760,http://resource.geosciml.org/classifier/cgi/commodity-code/germanium,1,"Significant quantities of germanium are also believed to be recovered from imported or domestic material in France, Germany, Russia and to a lesser extent in Italy",2004-01-01 00:00:00,882,1,,Production,germanium metal,,
-97.834383,39.139831,USA,,A,Production of germanium metal,US,Germanium,Normal value,USA,Germanium metal,tonnes (metric),-97.834383,,1,162,39.139831,http://resource.geosciml.org/classifier/cgi/commodity-code/germanium,4,"Significant quantities of germanium are also believed to be recovered from imported or domestic material in France, Germany, Russia and to a lesser extent in Italy",2004-01-01 00:00:00,882,4,a,Production,germanium metal,,Including production of secondary metal.
-97.834383,39.139831,USA,,A,Production of germanium metal,US,Germanium,Normal value,USA,Germanium metal,tonnes (metric),-97.834383,,1,162,39.139831,http://resource.geosciml.org/classifier/cgi/commodity-code/germanium,5,"Significant quantities of germanium are also believed to be recovered from imported or domestic material in France, Germany, Russia and to a lesser extent in Italy",2005-01-01 00:00:00,882,5,a,Production,germanium metal,,Including production of secondary metal.
142.796275,43.46076,Japan,,A,Production of germanium metal,JP,Germanium,Normal value,JPN,Germanium metal,tonnes (metric),142.796275,,1,162,43.460760,http://resource.geosciml.org/classifier/cgi/commodity-code/germanium,2,"Significant quantities of germanium are also believed to be recovered from imported or domestic material in France, Germany, Russia and to a lesser extent in Italy",2005-01-01 00:00:00,882,2,,Production,germanium metal,,
109.537431,32.216659,China,,A,Production of germanium metal,CN,Germanium,Normal value,CHN,Germanium metal,tonnes (metric),109.537431,,1,162,32.216659,http://resource.geosciml.org/classifier/cgi/commodity-code/germanium,35,"Significant quantities of germanium are also believed to be recovered from imported or domestic material in France, Germany, Russia and to a lesser extent in Italy",2005-01-01 00:00:00,882,35,*,Production,germanium metal,,Estimates.
-119.677633,59.205383999999995,Canada,,O,Production of germanium metal,CA,Germanium,Missing value,CAN,Germanium metal,tonnes (metric),-119.677633,,1,162,59.205384,http://resource.geosciml.org/classifier/cgi/commodity-code/germanium,,"Germanium is also believed to be recovered from imported or domestic material in Belgium, Canada, Russia and Ukraine",2006-01-01 00:00:00,882,...,,Production,germanium metal,Figures not available,
109.537431,32.216659,China,,A,Production of germanium metal,CN,Germanium,Normal value,CHN,Germanium metal,tonnes (metric),109.537431,,1,162,32.216659,http://resource.geosciml.org/classifier/cgi/commodity-code/germanium,100,"Germanium is also believed to be recovered from imported or domestic material in Belgium, Canada, Russia and Ukraine",2006-01-01 00:00:00,882,100,*,Production,germanium metal,,Estimates.
142.796275,43.46076,Japan,,A,Production of germanium metal,JP,Germanium,Normal value,JPN,Germanium metal,tonnes (metric),142.796275,,1,162,43.460760,http://resource.geosciml.org/classifier/cgi/commodity-code/germanium,2,"Germanium is also believed to be recovered from imported or domestic material in Belgium, Canada, Russia and Ukraine",2006-01-01 00:00:00,882,2,,Production,germanium metal,,
-97.834383,39.139831,USA,,A,Production of germanium metal,US,Germanium,Normal value,USA,Germanium metal,tonnes (metric),-97.834383,,1,162,39.139831,http://resource.geosciml.org/classifier/cgi/commodity-code/germanium,5,"Germanium is also believed to be recovered from imported or domestic material in Belgium, Canada, Russia and Ukraine",2006-01-01 00:00:00,882,5,a,Production,germanium metal,,Including production of secondary metal.
-97.834383,39.139831,USA,,A,Production of germanium metal,US,Germanium,Normal value,USA,Germanium metal,tonnes (metric),-97.834383,,1,162,39.139831,http://resource.geosciml.org/classifier/cgi/commodity-code/germanium,5,"Germanium is also believed to be recovered from imported or domestic material in Belgium, Canada, Russia and Ukraine",2007-01-01 00:00:00,882,5,a,Production,germanium metal,,Including production of secondary metal.
142.796275,43.46076,Japan,,A,Production of germanium metal,JP,Germanium,Normal value,JPN,Germanium metal,tonnes (metric),142.796275,,1,162,43.460760,http://resource.geosciml.org/classifier/cgi/commodity-code/germanium,1,"Germanium is also believed to be recovered from imported or domestic material in Belgium, Canada, Russia and Ukraine",2007-01-01 00:00:00,882,1,,Production,germanium metal,,
109.537431,32.216659,China,,A,Production of germanium metal,CN,Germanium,Normal value,CHN,Germanium metal,tonnes (metric),109.537431,,1,162,32.216659,http://resource.geosciml.org/classifier/cgi/commodity-code/germanium,100,"Germanium is also believed to be recovered from imported or domestic material in Belgium, Canada, Russia and Ukraine",2007-01-01 00:00:00,882,100,*,Production,germanium metal,,Estimates.
4.362657,50.839724,Belgium,,O,Production of germanium metal,BE,Germanium,Missing value,BEL,Germanium metal,tonnes (metric),4.362657,,1,162,50.839724,http://resource.geosciml.org/classifier/cgi/commodity-code/germanium,,"Germanium is also believed to be recovered from imported or domestic material in Belgium, Canada, Russia and Ukraine",2007-01-01 00:00:00,882,...,,Production,germanium metal,Figures not available,
109.537431,32.216659,China,,A,Production of germanium metal,CN,Germanium,Normal value,CHN,Germanium metal,tonnes (metric),109.537431,,1,162,32.216659,http://resource.geosciml.org/classifier/cgi/commodity-code/germanium,100,"Germanium is also believed to be recovered from imported or domestic material in Belgium, Canada, Russia and Ukraine",2008-01-01 00:00:00,882,100,*,Production,germanium metal,,Estimates.
27.679723,63.018750999999995,Finland,,A,Production of germanium metal,FI,Germanium,Normal Value,FIN,Germanium metal,tonnes (metric),27.679723,,1,162,63.018751,http://resource.geosciml.org/classifier/cgi/commodity-code/germanium,0,"Germanium is also believed to be recovered from imported or domestic material in Belgium, Canada, Russia and Ukraine",2008-01-01 00:00:00,882,-----,,Production,germanium metal,Nil (nothing produced),
-97.834383,39.139831,USA,,A,Production of germanium metal,US,Germanium,Normal value,USA,Germanium metal,tonnes (metric),-97.834383,,1,162,39.139831,http://resource.geosciml.org/classifier/cgi/commodity-code/germanium,5,"Germanium is also believed to be recovered from imported or domestic material in Belgium, Canada, Russia and Ukraine",2008-01-01 00:00:00,882,5,a,Production,germanium metal,,Including production of secondary metal.
142.796275,43.46076,Japan,,A,Production of germanium metal,JP,Germanium,Normal value,JPN,Germanium metal,tonnes (metric),142.796275,,1,162,43.460760,http://resource.geosciml.org/classifier/cgi/commodity-code/germanium,2,"Germanium is also believed to be recovered from imported or domestic material in Belgium, Canada, Russia and Ukraine",2008-01-01 00:00:00,882,2,*,Production,germanium metal,,Estimates.
142.796275,43.46076,Japan,,A,Production of germanium metal,JP,Germanium,Normal value,JPN,Germanium metal,tonnes (metric),142.796275,,1,162,43.460760,http://resource.geosciml.org/classifier/cgi/commodity-code/germanium,2,"Germanium is also believed to be recovered from imported or domestic material in Belgium, Canada, Russia and Ukraine",2009-01-01 00:00:00,882,2,*,Production,germanium metal,,Estimates.
-97.834383,39.139831,USA,,A,Production of germanium metal,US,Germanium,Normal value,USA,Germanium metal,tonnes (metric),-97.834383,,1,162,39.139831,http://resource.geosciml.org/classifier/cgi/commodity-code/germanium,5,"Germanium is also believed to be recovered from imported or domestic material in Belgium, Canada, Russia and Ukraine",2009-01-01 00:00:00,882,5,a,Production,germanium metal,,Including production of secondary metal.
94.13658799999999,63.462201,Russia,,O,Production of germanium metal,RU,Germanium,Missing value,RUS,Germanium metal,tonnes (metric),94.136588,,1,162,63.462201,http://resource.geosciml.org/classifier/cgi/commodity-code/germanium,,"Germanium is also believed to be recovered from imported or domestic material in Belgium, Canada, Russia and Ukraine",2009-01-01 00:00:00,882,...,,Production,germanium metal,Figures not available,
109.537431,32.216659,China,,A,Production of germanium metal,CN,Germanium,Normal value,CHN,Germanium metal,tonnes (metric),109.537431,,1,162,32.216659,http://resource.geosciml.org/classifier/cgi/commodity-code/germanium,100,"Germanium is also believed to be recovered from imported or domestic material in Belgium, Canada, Russia and Ukraine",2009-01-01 00:00:00,882,100,*,Production,germanium metal,,Estimates.
27.679723,63.018750999999995,Finland,,A,Production of germanium metal,FI,Germanium,Normal Value,FIN,Germanium metal,tonnes (metric),27.679723,,1,162,63.018751,http://resource.geosciml.org/classifier/cgi/commodity-code/germanium,0,"Germanium is also believed to be recovered from imported or domestic material in Belgium, Canada, Russia and Ukraine",2009-01-01 00:00:00,882,-----,,Production,germanium metal,Nil (nothing produced),
109.537431,32.216659,China,,A,Production of germanium metal,CN,Germanium,Normal value,CHN,Germanium metal,tonnes (metric),109.537431,,1,162,32.216659,http://resource.geosciml.org/classifier/cgi/commodity-code/germanium,100,"Germanium is also believed to be recovered from imported or domestic material in Belgium, Canada, Russia and Ukraine",2010-01-01 00:00:00,882,100,*,Production,germanium metal,,Estimates.
27.679723,63.018750999999995,Finland,,A,Production of germanium metal,FI,Germanium,Normal value,FIN,Germanium metal,tonnes (metric),27.679723,,1,162,63.018751,http://resource.geosciml.org/classifier/cgi/commodity-code/germanium,12,"Germanium is also believed to be recovered from imported or domestic material in Belgium, Canada, Russia and Ukraine",2010-01-01 00:00:00,882,12,,Production,germanium metal,,
142.796275,43.46076,Japan,,A,Production of germanium metal,JP,Germanium,Normal value,JPN,Germanium metal,tonnes (metric),142.796275,,1,162,43.460760,http://resource.geosciml.org/classifier/cgi/commodity-code/germanium,2,"Germanium is also believed to be recovered from imported or domestic material in Belgium, Canada, Russia and Ukraine",2010-01-01 00:00:00,882,2,*,Production,germanium metal,,Estimates.
-97.834383,39.139831,USA,,A,Production of germanium metal,US,Germanium,Normal value,USA,Germanium metal,tonnes (metric),-97.834383,,1,162,39.139831,http://resource.geosciml.org/classifier/cgi/commodity-code/germanium,3,"Germanium is also believed to be recovered from imported or domestic material in Belgium, Canada, Russia and Ukraine",2010-01-01 00:00:00,882,3,a,Production,germanium metal,,Including production of secondary metal.
94.13658799999999,63.462201,Russia,,A,Production of germanium metal,RU,Germanium,Normal value,RUS,Germanium metal,tonnes (metric),94.136588,,1,162,63.462201,http://resource.geosciml.org/classifier/cgi/commodity-code/germanium,5,"Germanium is also believed to be recovered from imported or domestic material in Belgium, Canada, Russia and Ukraine",2010-01-01 00:00:00,882,5,*,Production,germanium metal,,Estimates.
94.13658799999999,63.462201,Russia,,A,Production of germanium metal,RU,Germanium,Normal value,RUS,Germanium metal,tonnes (metric),94.136588,,1,162,63.462201,http://resource.geosciml.org/classifier/cgi/commodity-code/germanium,5,"Germanium is also believed to be recovered from imported or domestic material in Belgium, Canada, Russia and Ukraine",2011-01-01 00:00:00,882,5,*,Production,germanium metal,,Estimates.
109.537431,32.216659,China,,A,Production of germanium metal,CN,Germanium,Normal value,CHN,Germanium metal,tonnes (metric),109.537431,,1,162,32.216659,http://resource.geosciml.org/classifier/cgi/commodity-code/germanium,100,"Germanium is also believed to be recovered from imported or domestic material in Belgium, Canada, Russia and Ukraine",2011-01-01 00:00:00,882,100,*,Production,germanium metal,,Estimates.
27.679723,63.018750999999995,Finland,,A,Production of germanium metal,FI,Germanium,Normal value,FIN,Germanium metal,tonnes (metric),27.679723,,1,162,63.018751,http://resource.geosciml.org/classifier/cgi/commodity-code/germanium,12,"Germanium is also believed to be recovered from imported or domestic material in Belgium, Canada, Russia and Ukraine",2011-01-01 00:00:00,882,12,,Production,germanium metal,,
142.796275,43.46076,Japan,,A,Production of germanium metal,JP,Germanium,Normal value,JPN,Germanium metal,tonnes (metric),142.796275,,1,162,43.460760,http://resource.geosciml.org/classifier/cgi/commodity-code/germanium,2,"Germanium is also believed to be recovered from imported or domestic material in Belgium, Canada, Russia and Ukraine",2011-01-01 00:00:00,882,2,*,Production,germanium metal,,Estimates.
-97.834383,39.139831,USA,,A,Production of germanium metal,US,Germanium,Normal value,USA,Germanium metal,tonnes (metric),-97.834383,,1,162,39.139831,http://resource.geosciml.org/classifier/cgi/commodity-code/germanium,3,"Germanium is also believed to be recovered from imported or domestic material in Belgium, Canada, Russia and Ukraine",2011-01-01 00:00:00,882,3,a,Production,germanium metal,,Including production of secondary metal.
142.796275,43.46076,Japan,,A,Production of germanium metal,JP,Germanium,Normal value,JPN,Germanium metal,tonnes (metric),142.796275,,1,162,43.460760,http://resource.geosciml.org/classifier/cgi/commodity-code/germanium,2,"Germanium is also believed to be recovered from imported or domestic material in Belgium, Canada, Russia and Ukraine",2012-01-01 00:00:00,882,2,*,Production,germanium metal,,Estimates.
-97.834383,39.139831,USA,,A,Production of germanium metal,US,Germanium,Normal value,USA,Germanium metal,tonnes (metric),-97.834383,,1,162,39.139831,http://resource.geosciml.org/classifier/cgi/commodity-code/germanium,3,"Germanium is also believed to be recovered from imported or domestic material in Belgium, Canada, Russia and Ukraine",2012-01-01 00:00:00,882,3,*|a,Production,germanium metal,,Estimates.|Including production of secondary metal.
94.13658799999999,63.462201,Russia,,A,Production of germanium metal,RU,Germanium,Normal value,RUS,Germanium metal,tonnes (metric),94.136588,,1,162,63.462201,http://resource.geosciml.org/classifier/cgi/commodity-code/germanium,5,"Germanium is also believed to be recovered from imported or domestic material in Belgium, Canada, Russia and Ukraine",2012-01-01 00:00:00,882,5,*,Production,germanium metal,,Estimates.
109.537431,32.216659,China,,A,Production of germanium metal,CN,Germanium,Normal value,CHN,Germanium metal,tonnes (metric),109.537431,,1,162,32.216659,http://resource.geosciml.org/classifier/cgi/commodity-code/germanium,100,"Germanium is also believed to be recovered from imported or domestic material in Belgium, Canada, Russia and Ukraine",2012-01-01 00:00:00,882,100,*,Production,germanium metal,,Estimates.
27.679723,63.018750999999995,Finland,,A,Production of germanium metal,FI,Germanium,Normal value,FIN,Germanium metal,tonnes (metric),27.679723,,1,162,63.018751,http://resource.geosciml.org/classifier/cgi/commodity-code/germanium,16,"Germanium is also believed to be recovered from imported or domestic material in Belgium, Canada, Russia and Ukraine",2012-01-01 00:00:00,882,16,,Production,germanium metal,,
27.679723,63.018750999999995,Finland,,A,Production of germanium metal,FI,Germanium,Normal value,FIN,Germanium metal,tonnes (metric),27.679723,,1,162,63.018751,http://resource.geosciml.org/classifier/cgi/commodity-code/germanium,17,"Germanium is also believed to be recovered from imported or domestic material in Belgium, Canada and Ukraine",2013-01-01 00:00:00,882,17,,Production,germanium metal,,
109.537431,32.216659,China,,A,Production of germanium metal,CN,Germanium,Normal value,CHN,Germanium metal,tonnes (metric),109.537431,,1,162,32.216659,http://resource.geosciml.org/classifier/cgi/commodity-code/germanium,110,"Germanium is also believed to be recovered from imported or domestic material in Belgium, Canada and Ukraine",2013-01-01 00:00:00,882,110,*,Production,germanium metal,,Estimates.
-97.834383,39.139831,USA,,A,Production of germanium metal,US,Germanium,Normal value,USA,Germanium metal,tonnes (metric),-97.834383,,1,162,39.139831,http://resource.geosciml.org/classifier/cgi/commodity-code/germanium,3,"Germanium is also believed to be recovered from imported or domestic material in Belgium, Canada and Ukraine",2013-01-01 00:00:00,882,3,*|a,Production,germanium metal,,Estimates.|Including production of secondary metal.
94.13658799999999,63.462201,Russia,,A,Production of germanium metal,RU,Germanium,Normal value,RUS,Germanium metal,tonnes (metric),94.136588,,1,162,63.462201,http://resource.geosciml.org/classifier/cgi/commodity-code/germanium,5,"Germanium is also believed to be recovered from imported or domestic material in Belgium, Canada and Ukraine",2013-01-01 00:00:00,882,5,*,Production,germanium metal,,Estimates.
94.13658799999999,63.462201,Russia,,A,Production of germanium metal,RU,Germanium,Normal value,RUS,Germanium metal,tonnes (metric),94.136588,,1,162,63.462201,http://resource.geosciml.org/classifier/cgi/commodity-code/germanium,5,"Germanium is also believed to be recovered from imported or domestic material in Belgium, Canada and Ukraine",2014-01-01 00:00:00,882,5,*,Production,germanium metal,,Estimates.
27.679723,63.018750999999995,Finland,,A,Production of germanium metal,FI,Germanium,Normal value,FIN,Germanium metal,tonnes (metric),27.679723,,1,162,63.018751,http://resource.geosciml.org/classifier/cgi/commodity-code/germanium,17,"Germanium is also believed to be recovered from imported or domestic material in Belgium, Canada and Ukraine",2014-01-01 00:00:00,882,17,,Production,germanium metal,,
109.537431,32.216659,China,,A,Production of germanium metal,CN,Germanium,Normal value,CHN,Germanium metal,tonnes (metric),109.537431,,1,162,32.216659,http://resource.geosciml.org/classifier/cgi/commodity-code/germanium,110,"Germanium is also believed to be recovered from imported or domestic material in Belgium, Canada and Ukraine",2014-01-01 00:00:00,882,110,*,Production,germanium metal,,Estimates.
-97.834383,39.139831,USA,,A,Production of germanium metal,US,Germanium,Normal value,USA,Germanium metal,tonnes (metric),-97.834383,,1,162,39.139831,http://resource.geosciml.org/classifier/cgi/commodity-code/germanium,3,"Germanium is also believed to be recovered from imported or domestic material in Belgium, Canada and Ukraine",2014-01-01 00:00:00,882,3,*|a,Production,germanium metal,,Estimates.|Including production of secondary metal.
-97.834383,39.139831,USA,,A,Production of germanium metal,US,Germanium,Normal value,USA,Germanium metal,tonnes (metric),-97.834383,,1,162,39.139831,http://resource.geosciml.org/classifier/cgi/commodity-code/germanium,3,"Germanium is also believed to be recovered from imported or domestic material in Belgium, Canada, Germany, Japan and Ukraine",2015-01-01 00:00:00,882,3,*|a,Production,germanium metal,,Estimates.|Including production of secondary metal.
94.13658799999999,63.462201,Russia,,A,Production of germanium metal,RU,Germanium,Normal value,RUS,Germanium metal,tonnes (metric),94.136588,,1,162,63.462201,http://resource.geosciml.org/classifier/cgi/commodity-code/germanium,5,"Germanium is also believed to be recovered from imported or domestic material in Belgium, Canada, Germany, Japan and Ukraine",2015-01-01 00:00:00,882,5,*,Production,germanium metal,,Estimates.
27.679723,63.018750999999995,Finland,,A,Production of germanium metal,FI,Germanium,Normal value,FIN,Germanium metal,tonnes (metric),27.679723,,1,162,63.018751,http://resource.geosciml.org/classifier/cgi/commodity-code/germanium,13,"Germanium is also believed to be recovered from imported or domestic material in Belgium, Canada, Germany, Japan and Ukraine",2015-01-01 00:00:00,882,13,,Production,germanium metal,,
109.537431,32.216659,China,,A,Production of germanium metal,CN,Germanium,Normal value,CHN,Germanium metal,tonnes (metric),109.537431,,1,162,32.216659,http://resource.geosciml.org/classifier/cgi/commodity-code/germanium,94,"Germanium is also believed to be recovered from imported or domestic material in Belgium, Canada, Germany, Japan and Ukraine",2015-01-01 00:00:00,882,94,,Production,germanium metal,,
27.679723,63.018750999999995,Finland,,N,Production of germanium metal,FI,Germanium,Not Significant,FIN,Germanium metal,tonnes (metric),27.679723,,1,162,63.018751,http://resource.geosciml.org/classifier/cgi/commodity-code/germanium,0,"Germanium is also believed to be recovered from imported or domestic material in Belgium, Canada, Germany, Japan and Ukraine",2016-01-01 00:00:00,882,0,,Production,germanium metal,Quantity is more than 0 but less than 0.5,
109.537431,32.216659,China,,A,Production of germanium metal,CN,Germanium,Normal value,CHN,Germanium metal,tonnes (metric),109.537431,,1,162,32.216659,http://resource.geosciml.org/classifier/cgi/commodity-code/germanium,82,"Germanium is also believed to be recovered from imported or domestic material in Belgium, Canada, Germany, Japan and Ukraine",2016-01-01 00:00:00,882,82,,Production,germanium metal,,
-97.834383,39.139831,USA,,A,Production of germanium metal,US,Germanium,Normal value,USA,Germanium metal,tonnes (metric),-97.834383,,1,162,39.139831,http://resource.geosciml.org/classifier/cgi/commodity-code/germanium,2,"Germanium is also believed to be recovered from imported or domestic material in Belgium, Canada, Germany, Japan and Ukraine",2016-01-01 00:00:00,882,2,*|a,Production,germanium metal,,Estimates.|Including production of secondary metal.
94.13658799999999,63.462201,Russia,,A,Production of germanium metal,RU,Germanium,Normal value,RUS,Germanium metal,tonnes (metric),94.136588,,1,162,63.462201,http://resource.geosciml.org/classifier/cgi/commodity-code/germanium,6,"Germanium is also believed to be recovered from imported or domestic material in Belgium, Canada, Germany, Japan and Ukraine",2016-01-01 00:00:00,882,6,*,Production,germanium metal,,Estimates.
94.13658799999999,63.462201,Russia,,A,Production of germanium metal,RU,Germanium,Normal value,RUS,Germanium metal,tonnes (metric),94.136588,,1,162,63.462201,http://resource.geosciml.org/classifier/cgi/commodity-code/germanium,6,"Germanium is also believed to be recovered from imported or domestic material in Belgium, Canada, Germany, Japan and Ukraine",2017-01-01 00:00:00,882,6,*,Production,germanium metal,,Estimates.
109.537431,32.216659,China,,A,Production of germanium metal,CN,Germanium,Normal value,CHN,Germanium metal,tonnes (metric),109.537431,,1,162,32.216659,http://resource.geosciml.org/classifier/cgi/commodity-code/germanium,79,"Germanium is also believed to be recovered from imported or domestic material in Belgium, Canada, Germany, Japan and Ukraine",2017-01-01 00:00:00,882,79,,Production,germanium metal,,
27.679723,63.018750999999995,Finland,,A,Production of germanium metal,FI,Germanium,Normal Value,FIN,Germanium metal,tonnes (metric),27.679723,,1,162,63.018751,http://resource.geosciml.org/classifier/cgi/commodity-code/germanium,0,"Germanium is also believed to be recovered from imported or domestic material in Belgium, Canada, Germany, Japan and Ukraine",2017-01-01 00:00:00,882,-----,,Production,germanium metal,Nil (nothing produced),
-97.834383,39.139831,USA,,A,Production of germanium metal,US,Germanium,Normal value,USA,Germanium metal,tonnes (metric),-97.834383,,1,162,39.139831,http://resource.geosciml.org/classifier/cgi/commodity-code/germanium,3,"Germanium is also believed to be recovered from imported or domestic material in Belgium, Canada, Germany, Japan and Ukraine",2017-01-01 00:00:00,882,3,*|a,Production,germanium metal,,Estimates.|Including production of secondary metal.
-97.834383,39.139831,USA,,A,Production of germanium metal,US,Germanium,Normal value,USA,Germanium metal,tonnes (metric),-97.834383,,1,162,39.139831,http://resource.geosciml.org/classifier/cgi/commodity-code/germanium,3,"Germanium is also believed to be recovered from imported or domestic material in Belgium, Canada, Germany, Japan and Ukraine",2018-01-01 00:00:00,882,3,*|a,Production,germanium metal,,Estimates.|Including production of secondary metal.
94.13658799999999,63.462201,Russia,,A,Production of germanium metal,RU,Germanium,Normal value,RUS,Germanium metal,tonnes (metric),94.136588,,1,162,63.462201,http://resource.geosciml.org/classifier/cgi/commodity-code/germanium,6,"Germanium is also believed to be recovered from imported or domestic material in Belgium, Canada, Germany, Japan and Ukraine",2018-01-01 00:00:00,882,6,*,Production,germanium metal,,Estimates.
109.537431,32.216659,China,,A,Production of germanium metal,CN,Germanium,Normal value,CHN,Germanium metal,tonnes (metric),109.537431,,1,162,32.216659,http://resource.geosciml.org/classifier/cgi/commodity-code/germanium,95,"Germanium is also believed to be recovered from imported or domestic material in Belgium, Canada, Germany, Japan and Ukraine",2018-01-01 00:00:00,882,95,,Production,germanium metal,,
109.537431,32.216659,China,,A,Production of germanium metal,CN,Germanium,Normal value,CHN,Germanium metal,tonnes (metric),109.537431,,1,162,32.216659,http://resource.geosciml.org/classifier/cgi/commodity-code/germanium,86,"Germanium is also believed to be recovered from imported or domestic material in Belgium, Canada, Germany, Japan and Ukraine",2019-01-01 00:00:00,882,86,,Production,germanium metal,,
-97.834383,39.139831,USA,,A,Production of germanium metal,US,Germanium,Normal value,USA,Germanium metal,tonnes (metric),-97.834383,,1,162,39.139831,http://resource.geosciml.org/classifier/cgi/commodity-code/germanium,5,"Germanium is also believed to be recovered from imported or domestic material in Belgium, Canada, Germany, Japan and Ukraine",2019-01-01 00:00:00,882,5,*|a,Production,germanium metal,,Estimates.|Including production of secondary metal.
94.13658799999999,63.462201,Russia,,A,Production of germanium metal,RU,Germanium,Normal value,RUS,Germanium metal,tonnes (metric),94.136588,,1,162,63.462201,http://resource.geosciml.org/classifier/cgi/commodity-code/germanium,5,"Germanium is also believed to be recovered from imported or domestic material in Belgium, Canada, Germany, Japan and Ukraine",2019-01-01 00:00:00,882,5,*,Production,germanium metal,,Estimates.
94.13658799999999,63.462201,Russia,,A,Production of germanium metal,RU,Germanium,Normal value,RUS,Germanium metal,tonnes (metric),94.136588,,1,162,63.462201,http://resource.geosciml.org/classifier/cgi/commodity-code/germanium,5,"Germanium is also believed to be recovered from imported or domestic material in Belgium, Canada, Germany, Japan and Ukraine",2020-01-01 00:00:00,882,5,*,Production,germanium metal,,Estimates.
109.537431,32.216659,China,,A,Production of germanium metal,CN,Germanium,Normal value,CHN,Germanium metal,tonnes (metric),109.537431,,1,162,32.216659,http://resource.geosciml.org/classifier/cgi/commodity-code/germanium,95,"Germanium is also believed to be recovered from imported or domestic material in Belgium, Canada, Germany, Japan and Ukraine",2020-01-01 00:00:00,882,95,*,Production,germanium metal,,Estimates.
-97.834383,39.139831,USA,,A,Production of germanium metal,US,Germanium,Normal value,USA,Germanium metal,tonnes (metric),-97.834383,,1,162,39.139831,http://resource.geosciml.org/classifier/cgi/commodity-code/germanium,4,"Germanium is also believed to be recovered from imported or domestic material in Belgium, Canada, Germany, Japan and Ukraine",2020-01-01 00:00:00,882,4,*|a,Production,germanium metal,,Estimates.|Including production of secondary metal.
-97.834383,39.139831,USA,,A,Production of germanium metal,US,Germanium,Normal value,USA,Germanium metal,tonnes (metric),-97.834383,,,162,39.139831,http://resource.geosciml.org/classifier/cgi/commodity-code/germanium,6,,2021-01-01 00:00:00,882,6,*|a,Production,germanium metal,,Estimates.|Including production of secondary metal.
94.13658799999999,63.462201,Russia,,A,Production of germanium metal,RU,Germanium,Normal value,RUS,Germanium metal,tonnes (metric),94.136588,,,162,63.462201,http://resource.geosciml.org/classifier/cgi/commodity-code/germanium,5,,2021-01-01 00:00:00,882,5,*,Production,germanium metal,,Estimates.
109.537431,32.216659,China,,A,Production of germanium metal,CN,Germanium,Normal value,CHN,Germanium metal,tonnes (metric),109.537431,,,162,32.216659,http://resource.geosciml.org/classifier/cgi/commodity-code/germanium,155,,2021-01-01 00:00:00,882,155,*,Production,germanium metal,,Estimates.
109.537431,32.216659,China,,A,Production of germanium metal,CN,Germanium,Normal value,CHN,Germanium metal,tonnes (metric),109.537431,,,162,32.216659,http://resource.geosciml.org/classifier/cgi/commodity-code/germanium,180,,2022-01-01 00:00:00,882,180,,Production,germanium metal,,
-97.834383,39.139831,USA,,A,Production of germanium metal,US,Germanium,Normal value,USA,Germanium metal,tonnes (metric),-97.834383,,,162,39.139831,http://resource.geosciml.org/classifier/cgi/commodity-code/germanium,7,,2022-01-01 00:00:00,882,7,*|a,Production,germanium metal,,Estimates.|Including production of secondary metal.
94.13658799999999,63.462201,Russia,,A,Production of germanium metal,RU,Germanium,Normal value,RUS,Germanium metal,tonnes (metric),94.136588,,,162,63.462201,http://resource.geosciml.org/classifier/cgi/commodity-code/germanium,5,,2022-01-01 00:00:00,882,5,*,Production,germanium metal,,Estimates.
94.13658799999999,63.462201,Russia,,A,Production of germanium metal,RU,Germanium,Normal value,RUS,Germanium metal,tonnes (metric),94.136588,,,162,63.462201,http://resource.geosciml.org/classifier/cgi/commodity-code/germanium,5,,2023-01-01 00:00:00,882,5,*,Production,germanium metal,,Estimates.
-97.834383,39.139831,USA,,A,Production of germanium metal,US,Germanium,Normal value,USA,Germanium metal,tonnes (metric),-97.834383,,,162,39.139831,http://resource.geosciml.org/classifier/cgi/commodity-code/germanium,6,,2023-01-01 00:00:00,882,6,*|a,Production,germanium metal,,Estimates.|Including production of secondary metal.
109.537431,32.216659,China,,A,Production of germanium metal,CN,Germanium,Normal value,CHN,Germanium metal,tonnes (metric),109.537431,,,162,32.216659,http://resource.geosciml.org/classifier/cgi/commodity-code/germanium,200,,2023-01-01 00:00:00,882,200,*,Production,germanium metal,,Estimates.
